timestamp,target_id,x,y,z,vx,vy,vz,status
0,1,-49.0626,4984.03,3034.54,0.0326644,-3.31821,-2.0203,TENTATIVE
0.1,1,-29.5047,4989.35,3025.31,10.2813,-0.53827,-6.46578,TENTATIVE
0.1,2,-7982.35,4969.15,3413.75,87.0635,-54.1986,-37.2338,TENTATIVE
0.1,3,-4.89686,8016.26,2989.19,0.0545614,-89.3183,-33.3059,TENTATIVE
0.2,1,-28.4765,4989.3,3024.66,10.2813,-0.53827,-6.46578,TENTATIVE
0.2,2,-7973.64,4963.73,3410.03,87.0635,-54.1986,-37.2338,TENTATIVE
0.2,3,-2.3545,8006.65,2987.7,2.16976,-89.8887,-31.7728,TENTATIVE
0.4,1,10.9378,4994.81,3014.17,74.7194,8.82681,-21.6884,TENTATIVE
0.4,2,-7956.23,4952.89,3402.58,87.0635,-54.1986,-37.2338,TENTATIVE
0.4,3,8.96235,7986.54,2987.04,15.9894,-92.6659,-24.339,TENTATIVE
0.6,1,40.1106,4997.89,3007.34,95.8036,10.7596,-25.2322,TENTATIVE
0.6,2,-7938.82,4942.05,3395.13,87.0635,-54.1986,-37.2338,TENTATIVE
0.6,3,26.6113,7965.12,2989.8,34.8062,-96.3075,-14.7158,TENTATIVE
0.8,1,70.688,4999.38,3002.89,109.902,10.0655,-24.6009,TENTATIVE
0.8,2,-7921.4,4931.21,3387.68,87.0635,-54.1986,-37.2338,TENTATIVE
0.8,3,59.9286,7942.06,2996.37,65.3879,-100.624,-3.87401,TENTATIVE
1,1,98.1286,5001.15,2997.88,115.902,9.83733,-24.6773,TENTATIVE
1,2,-7903.99,4920.37,3380.24,87.0635,-54.1986,-37.2338,TENTATIVE
1,3,80.2198,7920.87,2998.05,72.6357,-101.669,-1.42764,TENTATIVE
1.1,1,111.913,5004.33,3000.27,118.179,11.3506,-20.2,TENTATIVE
1.1,2,-7895.28,4914.96,3376.51,87.0635,-54.1986,-37.2338,TENTATIVE
1.1,3,93.4144,7914.83,3002.96,78.1728,-100.883,2.11847,TENTATIVE
1.1,4,-1441.47,2224,1755.12,-84.8008,130.837,103.253,TENTATIVE
1.3,1,137.002,5007.19,2995.13,119.491,11.8668,-21.1536,TENTATIVE
1.3,2,-7877.87,4904.12,3369.07,87.0635,-54.1986,-37.2338,TENTATIVE
1.3,3,123.114,7894.39,3003.3,89.8151,-101.08,2.02655,TENTATIVE
1.3,4,-1458.43,2250.17,1775.77,-84.8008,130.837,103.253,TENTATIVE
1.5,1,158.652,5006.92,2995.51,117.642,9.78389,-17.538,TENTATIVE
1.5,2,-7860.46,4893.28,3361.62,87.0635,-54.1986,-37.2338,TENTATIVE
1.5,3,143.575,7873.86,3004.37,91.6624,-101.301,2.51136,TENTATIVE
1.5,4,-1475.39,2276.34,1796.42,-84.8008,130.837,103.253,TENTATIVE
1.6,1,169.082,5006.51,2996.19,116.571,8.70264,-15.6571,TENTATIVE
1.6,2,-7851.75,4887.86,3357.9,87.0635,-54.1986,-37.2338,TENTATIVE
1.6,3,155.56,7863.26,3005.69,93.6445,-101.623,3.25077,TENTATIVE
1.6,4,-1483.87,2289.42,1806.75,-84.8008,130.837,103.253,TENTATIVE
1.8,1,190.624,5006.6,2995.95,115.294,7.55692,-13.6576,TENTATIVE
1.8,2,-7834.34,4877.02,3350.45,87.0635,-54.1986,-37.2338,TENTATIVE
1.8,3,176.489,7841.46,3010.06,95.0637,-102.552,5.60494,TENTATIVE
1.8,4,-1500.83,2315.59,1827.4,-84.8008,130.837,103.253,TENTATIVE
2,1,212.766,5008.09,2994.28,114.657,6.99805,-13.2999,TENTATIVE
2,2,-7816.93,4866.18,3343,87.0635,-54.1986,-37.2338,TENTATIVE
2,3,199.007,7820.88,3011.18,97.1075,-102.591,5.60571,TENTATIVE
2,4,-1517.79,2341.76,1848.05,-84.8008,130.837,103.253,TENTATIVE
2.1,1,222.724,5007.88,2994.63,113.666,6.43206,-12.2366,TENTATIVE
2.1,2,-7808.22,4860.76,3339.28,87.0635,-54.1986,-37.2338,TENTATIVE
2.1,3,208.475,7808.28,3011.51,97.0185,-101.704,6.32305,TENTATIVE
2.1,4,-1526.27,2354.84,1858.37,-84.8008,130.837,103.253,TENTATIVE
2.1,5,-755.326,597.677,554.261,-55.7795,44.1374,40.9312,TENTATIVE
2.1,6,-2709.07,4195.77,550.411,64.7195,-100.237,-13.1493,TENTATIVE
2.2,1,234.091,5008.52,2993.4,113.666,6.43206,-12.2366,TENTATIVE
2.2,2,-7799.51,4855.34,3335.56,87.0635,-54.1986,-37.2338,TENTATIVE
2.2,3,222.898,7799.13,3009.12,99.6629,-101.158,4.66107,TENTATIVE
2.2,4,-1534.75,2367.92,1868.7,-84.8008,130.837,103.253,TENTATIVE
2.2,5,-760.904,602.091,558.355,-55.7795,44.1374,40.9312,TENTATIVE
2.2,6,-2702.6,4185.75,549.096,64.7195,-100.237,-13.1493,TENTATIVE
2.4,1,254.312,5007.69,2994.77,112.195,5.26161,-10.1073,TENTATIVE
2.4,2,-7782.1,4844.5,3328.11,87.0635,-54.1986,-37.2338,TENTATIVE
2.4,3,243.939,7778.81,3010.2,100.25,-101.209,4.73287,TENTATIVE
2.4,4,-1551.71,2394.09,1889.35,-84.8008,130.837,103.253,TENTATIVE
2.4,5,-772.059,610.918,566.541,-55.7795,44.1374,40.9312,TENTATIVE
2.4,6,-2689.65,4165.7,546.466,64.7195,-100.237,-13.1493,TENTATIVE
2.5,1,263.317,5007.09,2995.86,110.882,4.63146,-8.90903,TENTATIVE
2.5,2,-7773.4,4839.08,3324.39,87.0635,-54.1986,-37.2338,TENTATIVE
2.5,3,253.964,7768.68,3010.68,100.25,-101.209,4.73287,TENTATIVE
2.5,4,-1560.19,2407.17,1899.67,-84.8008,130.837,103.253,TENTATIVE
2.5,5,-777.637,615.332,570.634,-55.7795,44.1374,40.9312,TENTATIVE
2.5,6,-2683.18,4155.68,545.151,64.7195,-100.237,-13.1493,TENTATIVE
2.6,1,274.405,5007.56,2994.97,110.882,4.63146,-8.90903,TENTATIVE
2.6,2,-7764.69,4833.66,3320.66,87.0635,-54.1986,-37.2338,TENTATIVE
2.6,3,263.905,7758.18,3012.13,100.207,-101.395,5.21342,TENTATIVE
2.6,4,-1568.67,2420.26,1910,-84.8008,130.837,103.253,TENTATIVE
2.6,5,-783.215,619.746,574.727,-55.7795,44.1374,40.9312,TENTATIVE
2.6,6,-2676.71,4145.65,543.836,64.7195,-100.237,-13.1493,TENTATIVE
2.7,1,283.936,5007.28,2995.48,110.007,4.23956,-8.15933,TENTATIVE
2.7,2,-7755.98,4828.24,3316.94,87.0635,-54.1986,-37.2338,TENTATIVE
2.7,3,274.562,7748.44,3011.59,100.523,-101.205,4.69687,TENTATIVE
2.7,4,-1577.15,2433.34,1920.32,-84.8008,130.837,103.253,TENTATIVE
2.7,5,-788.793,624.159,578.82,-55.7795,44.1374,40.9312,TENTATIVE
2.7,6,-2670.24,4135.63,542.521,64.7195,-100.237,-13.1493,TENTATIVE
2.9,1,304.199,5006.97,2995.97,109.059,3.65134,-7.07346,TENTATIVE
2.9,2,-7738.57,4817.4,3309.49,87.0635,-54.1986,-37.2338,TENTATIVE
2.9,3,294.642,7727.69,3013.84,100.512,-101.437,5.2921,TENTATIVE
2.9,4,-1594.11,2459.51,1940.97,-84.8008,130.837,103.253,TENTATIVE
2.9,5,-799.949,632.987,587.006,-55.7795,44.1374,40.9312,TENTATIVE
2.9,6,-2657.29,4115.58,539.892,64.7195,-100.237,-13.1493,TENTATIVE
3,1,315.105,5007.34,2995.26,109.059,3.65134,-7.07346,TENTATIVE
3,2,-7729.86,4811.98,3305.77,87.0635,-54.1986,-37.2338,TENTATIVE
3,3,305.851,7718.47,3011.89,101.039,-101.02,4.17348,TENTATIVE
3,4,-1602.59,2472.59,1951.3,-84.8008,130.837,103.253,TENTATIVE
3,5,-805.527,637.401,591.099,-55.7795,44.1374,40.9312,TENTATIVE
3,6,-2650.82,4105.56,538.577,64.7195,-100.237,-13.1493,TENTATIVE
3.1,1,325.509,5010.33,2996.18,108.854,5.47635,-5.96015,TENTATIVE
3.1,3,316.69,7710.14,3012.86,101.351,-101.182,4.05652,TENTATIVE
3.1,4,-1611.07,2485.68,1961.62,-84.8008,130.837,103.253,TENTATIVE
3.1,5,-811.105,641.814,595.193,-55.7795,44.1374,40.9312,TENTATIVE
3.1,6,-2644.35,4095.53,537.262,64.7195,-100.237,-13.1493,TENTATIVE
3.1,7,4915.32,477.361,1763.55,-107.013,-10.3928,-38.3948,TENTATIVE
3.2,1,334.649,5009.49,2998.13,107.92,4.78551,-4.65898,TENTATIVE
3.2,3,326.825,7700.02,3013.27,101.351,-101.182,4.05652,TENTATIVE
3.2,4,-1619.55,2498.76,1971.95,-84.8008,130.837,103.253,TENTATIVE
3.2,5,-816.683,646.228,599.286,-55.7795,44.1374,40.9312,TENTATIVE
3.2,6,-2637.88,4085.51,535.947,64.7195,-100.237,-13.1493,TENTATIVE
3.2,7,4904.62,476.322,1759.71,-107.013,-10.3928,-38.3948,TENTATIVE
3.4,1,353.25,5009.35,2999.42,106.329,4.25475,-3.53541,TENTATIVE
3.4,3,348.083,7680.09,3013.18,101.788,-101.056,3.67586,TENTATIVE
3.4,4,-1636.51,2524.93,1992.6,-84.8008,130.837,103.253,TENTATIVE
3.4,5,-827.839,655.056,607.472,-55.7795,44.1374,40.9312,TENTATIVE
3.4,6,-2624.94,4065.46,533.317,64.7195,-100.237,-13.1493,TENTATIVE
3.4,7,4883.21,474.243,1752.03,-107.013,-10.3928,-38.3948,TENTATIVE
3.5,1,363.94,5009.06,3000.25,106.362,3.89269,-2.93244,TENTATIVE
3.5,3,360.574,7670.41,3012.19,102.781,-100.887,3.10563,TENTATIVE
3.5,4,-1644.99,2538.01,2002.93,-84.8008,130.837,103.253,TENTATIVE
3.5,5,-833.417,659.469,611.565,-55.7795,44.1374,40.9312,TENTATIVE
3.5,6,-2618.46,4055.44,532.002,64.7195,-100.237,-13.1493,TENTATIVE
3.5,7,4872.51,473.204,1748.19,-107.013,-10.3928,-38.3948,TENTATIVE
3.6,1,373.208,5008.61,3001.54,105.621,3.47556,-2.12676,TENTATIVE
3.6,3,369.86,7660.42,3012.36,102.358,-100.841,3.05193,TENTATIVE
3.6,4,-1653.47,2551.09,2013.25,-84.8008,130.837,103.253,TENTATIVE
3.6,5,-838.995,663.883,615.658,-55.7795,44.1374,40.9312,TENTATIVE
3.6,6,-2611.99,4045.41,530.687,64.7195,-100.237,-13.1493,TENTATIVE
3.6,7,4861.81,472.165,1744.35,-107.013,-10.3928,-38.3948,TENTATIVE
3.7,1,383.08,5008.47,3002.24,105.249,3.23194,-1.6654,TENTATIVE
3.7,3,381.094,7650.3,3012.64,102.781,-100.86,3.03986,TENTATIVE
3.7,4,-1661.95,2564.18,2023.58,-84.8008,130.837,103.253,TENTATIVE
3.7,5,-844.573,668.297,619.751,-55.7795,44.1374,40.9312,TENTATIVE
3.7,6,-2605.52,4035.39,529.372,64.7195,-100.237,-13.1493,TENTATIVE
3.7,7,4851.11,471.125,1740.52,-107.013,-10.3928,-38.3948,TENTATIVE
3.9,1,402.654,5008.76,3002.7,104.47,3.05726,-1.26264,TENTATIVE
3.9,3,399.79,7630.6,3012.29,102.032,-100.668,2.66571,TENTATIVE
3.9,4,-1678.91,2590.35,2044.23,-84.8008,130.837,103.253,TENTATIVE
3.9,5,-855.729,677.124,627.938,-55.7795,44.1374,40.9312,TENTATIVE
3.9,6,-2592.58,4015.34,526.742,64.7195,-100.237,-13.1493,TENTATIVE
3.9,7,4829.71,469.047,1732.84,-107.013,-10.3928,-38.3948,TENTATIVE
4,1,413.102,5009.06,3002.57,104.47,3.05726,-1.26264,TENTATIVE
4,3,409.395,7621.73,3012.85,101.798,-100.104,2.82107,TENTATIVE
4,4,-1687.39,2603.43,2054.55,-84.8008,130.837,103.253,TENTATIVE
4,5,-861.307,681.538,632.031,-55.7795,44.1374,40.9312,TENTATIVE
4,6,-2586.1,4005.32,525.427,64.7195,-100.237,-13.1493,TENTATIVE
4,7,4819,468.007,1729,-107.013,-10.3928,-38.3948,TENTATIVE
4.2,1,431.517,5006.96,3002.5,103.218,1.77938,-1.17146,TENTATIVE
4.2,3,430.92,7601.21,3014.48,102.289,-100.307,3.22632,TENTATIVE
4.2,5,-872.462,690.365,640.217,-55.7795,44.1374,40.9312,TENTATIVE
4.2,6,-2573.16,3985.27,522.798,64.7195,-100.237,-13.1493,TENTATIVE
4.2,7,4797.6,465.929,1721.32,-107.013,-10.3928,-38.3948,TENTATIVE
4.2,8,3338.51,238.604,237.099,88.4959,6.32484,6.28494,TENTATIVE
4.4,1,449.752,5006.9,3003.34,101.981,1.59551,-0.642519,TENTATIVE
4.4,3,450.537,7581.01,3015.61,101.941,-100.36,3.42465,TENTATIVE
4.4,5,-883.618,699.193,648.403,-55.7795,44.1374,40.9312,TENTATIVE
4.4,6,-2560.22,3965.23,520.168,64.7195,-100.237,-13.1493,TENTATIVE
4.4,7,4776.2,463.85,1713.64,-107.013,-10.3928,-38.3948,TENTATIVE
4.4,8,3356.21,239.869,238.356,88.4959,6.32484,6.28494,TENTATIVE
4.6,1,468.858,5006.75,3004.21,101.311,1.37241,-0.151957,TENTATIVE
4.6,3,470.623,7561.9,3013.92,101.816,-99.9757,2.49655,TENTATIVE
4.6,5,-894.774,708.02,656.589,-55.7795,44.1374,40.9312,TENTATIVE
4.6,6,-2547.27,3945.18,517.538,64.7195,-100.237,-13.1493,TENTATIVE
4.6,7,4754.8,461.772,1705.96,-107.013,-10.3928,-38.3948,TENTATIVE
4.6,8,3373.91,241.134,239.613,88.4959,6.32484,6.28494,TENTATIVE
4.7,1,477.489,5006.63,3004.86,100.506,1.25711,0.180797,TENTATIVE
4.7,3,479.619,7552.4,3013.13,101.328,-99.7743,2.08731,TENTATIVE
4.7,5,-900.352,712.434,660.683,-55.7795,44.1374,40.9312,TENTATIVE
4.7,6,-2540.8,3935.15,516.223,64.7195,-100.237,-13.1493,TENTATIVE
4.7,7,4744.1,460.732,1702.12,-107.013,-10.3928,-38.3948,TENTATIVE
4.7,8,3382.75,241.767,240.242,88.4959,6.32484,6.28494,TENTATIVE
4.9,1,497.667,5007.57,3003.75,100.543,1.5779,-0.36139,TENTATIVE
4.9,3,499.96,7533.11,3011.85,101.346,-99.5058,1.41816,TENTATIVE
4.9,5,-911.508,721.262,668.869,-55.7795,44.1374,40.9312,TENTATIVE
4.9,6,-2527.86,3915.11,513.593,64.7195,-100.237,-13.1493,TENTATIVE
4.9,7,4722.69,458.654,1694.44,-107.013,-10.3928,-38.3948,TENTATIVE
4.9,8,3400.45,243.032,241.499,88.4959,6.32484,6.28494,TENTATIVE
5.1,1,517.021,5008.56,3003.36,100.152,1.5231,-0.72017,TENTATIVE
5.1,3,519.277,7510.13,3009.34,100.791,-102.568,-0.448052,TENTATIVE
5.1,7,4701.29,456.575,1686.76,-107.013,-10.3928,-38.3948,TENTATIVE
5.1,8,3418.15,244.297,242.756,88.4959,6.32484,6.28494,TENTATIVE
5.2,1,527.036,5008.71,3003.28,100.152,1.5231,-0.72017,TENTATIVE
5.2,3,529.339,7499.99,3009.01,100.776,-102.517,-0.568911,TENTATIVE
5.2,7,4690.59,455.536,1682.92,-107.013,-10.3928,-38.3948,TENTATIVE
5.2,8,3427,244.929,243.384,88.4959,6.32484,6.28494,TENTATIVE
5.4,1,547.029,5009.62,3002.14,100.136,1.8069,-1.19056,TENTATIVE
5.4,3,550.277,7478.96,3010.05,101.107,-102.737,-0.104925,TENTATIVE
5.4,7,4669.19,453.458,1675.24,-107.013,-10.3928,-38.3948,TENTATIVE
5.4,8,3444.7,246.194,244.641,88.4959,6.32484,6.28494,TENTATIVE
5.6,1,565.867,5009.28,3003.29,99.5371,1.5018,-0.557191,TENTATIVE
5.6,3,570.725,7458.46,3009.88,101.201,-102.72,-0.166694,TENTATIVE
5.6,7,4647.78,451.379,1667.57,-107.013,-10.3928,-38.3948,TENTATIVE
5.6,8,3462.4,247.459,245.898,88.4959,6.32484,6.28494,TENTATIVE
5.7,1,576.309,5009.19,3003.54,99.7998,1.37915,-0.406278,TENTATIVE
5.7,3,580.857,7448.47,3009.16,101.206,-102.604,-0.451667,TENTATIVE
5.7,7,4637.08,450.34,1663.73,-107.013,-10.3928,-38.3948,TENTATIVE
5.7,8,3471.25,248.092,246.527,88.4959,6.32484,6.28494,TENTATIVE
5.9,1,595.907,5009.19,3003.99,99.6169,1.24982,-0.15299,TENTATIVE
5.9,3,600.338,7428.33,3008.28,100.872,-102.443,-0.774508,TENTATIVE
5.9,7,4615.68,448.261,1656.05,-107.013,-10.3928,-38.3948,TENTATIVE
5.9,8,3488.95,249.357,247.784,88.4959,6.32484,6.28494,TENTATIVE
6.1,1,616.584,5008.15,3002.38,99.9284,0.23203,-1.14141,CONFIRMED
6.1,3,621.019,7408.29,3007.32,101.2,-100.966,-0.581644,CONFIRMED
6.1,8,3506.65,250.622,249.041,88.4959,6.32484,6.28494,TENTATIVE
6.2,1,625.908,5007.96,3002.77,99.5889,0.137908,-0.900844,CONFIRMED
6.2,3,631.463,7398.09,3007.44,101.344,-101.013,-0.505566,CONFIRMED
6.2,8,3515.5,251.254,249.669,88.4959,6.32484,6.28494,TENTATIVE
6.4,1,645.825,5007.99,3002.59,99.5889,0.137908,-0.900844,CONFIRMED
6.4,3,651.603,7377.5,3008.31,101.293,-101.176,-0.0999298,CONFIRMED
6.4,8,3533.2,252.519,250.926,88.4959,6.32484,6.28494,TENTATIVE
6.6,1,664.216,5007.76,3003.18,98.8234,0.0285939,-0.534944,CONFIRMED
6.6,3,671.926,7356.98,3008.97,101.321,-101.294,0.179718,CONFIRMED
6.6,8,3550.9,253.784,252.183,88.4959,6.32484,6.28494,TENTATIVE
6.7,1,674.098,5007.77,3003.13,98.8234,0.0285939,-0.534944,CONFIRMED
6.7,3,680.903,7346.53,3010.04,100.818,-101.426,0.623212,CONFIRMED
6.7,8,3559.75,254.416,252.812,88.4959,6.32484,6.28494,TENTATIVE
6.9,1,693.774,5007.14,3004.1,98.7532,-0.264213,-0.0297036,CONFIRMED
6.9,3,701.915,7326.3,3009.84,101.184,-101.407,0.486432,CONFIRMED
6.9,8,3577.45,255.681,254.069,88.4959,6.32484,6.28494,TENTATIVE
7.1,1,714.753,5009.87,3006.66,99.2713,0.187407,0.652597,CONFIRMED
7.1,3,720.813,7304.01,3008.96,100.744,-100.544,0.775051,CONFIRMED
7.1,9,9212.82,2503.07,3233.46,-167.588,-45.5327,-58.819,TENTATIVE
7.2,1,725.788,5010.07,3006.14,99.8238,0.259867,0.377658,CONFIRMED
7.2,3,730.888,7293.96,3009.04,100.744,-100.544,0.775051,CONFIRMED
7.2,9,9196.06,2498.51,3227.57,-167.588,-45.5327,-58.819,TENTATIVE
7.4,1,746.168,5010.63,3005.27,100.026,0.487057,-0.0568672,CONFIRMED
7.4,3,751.995,7274.33,3007.8,101.139,-100.348,0.193937,CONFIRMED
7.4,9,9162.54,2489.41,3215.81,-167.588,-45.5327,-58.819,TENTATIVE
7.6,1,765.337,5010.02,3006.66,99.6332,0.168429,0.58202,CONFIRMED
7.6,3,769.056,7254.53,3008.01,99.7826,-100.207,0.242459,CONFIRMED
7.6,9,9129.03,2480.3,3204.05,-167.588,-45.5327,-58.819,TENTATIVE
7.7,1,775.853,5010.1,3006.46,99.9044,0.190862,0.470864,CONFIRMED
7.7,3,779.034,7244.51,3008.04,99.7826,-100.207,0.242459,CONFIRMED
7.7,9,9112.27,2475.75,3198.17,-167.588,-45.5327,-58.819,TENTATIVE
7.9,1,796.275,5009.49,3007.51,100.126,-0.109446,0.911411,CONFIRMED
7.9,3,798.871,7224.33,3008.45,99.7394,-100.265,0.393202,CONFIRMED
7.9,9,9078.75,2466.64,3186.4,-167.588,-45.5327,-58.819,TENTATIVE
8.1,1,815.596,5011.34,3006.73,99.4586,-1.23943,-0.71718,CONFIRMED
8.1,3,818.911,7203.45,3008.17,99.9053,-99.4418,0.729334,CONFIRMED
8.1,9,9045.23,2457.54,3174.64,-167.588,-45.5327,-58.819,TENTATIVE
8.3,1,835.958,5010.56,3007.33,99.6963,-1.49202,-0.370102,CONFIRMED
8.3,3,840.71,7183.32,3008.36,100.677,-99.5566,0.749623,CONFIRMED
8.3,9,9011.71,2448.43,3162.87,-167.588,-45.5327,-58.819,TENTATIVE
8.5,1,856.548,5009.78,3007.87,100.03,-1.71795,-0.0961006,CONFIRMED
8.5,3,859.987,7163.66,3008.16,100.304,-99.4453,0.606475,CONFIRMED
8.5,9,8978.2,2439.32,3151.11,-167.588,-45.5327,-58.819,TENTATIVE
8.7,1,875.886,5009.77,3007.5,99.6924,-1.55856,-0.258625,CONFIRMED
8.7,3,879.416,7144.37,3007.05,100.025,-99.1946,0.104482,CONFIRMED
8.7,9,8944.68,2430.22,3139.35,-167.588,-45.5327,-58.819,TENTATIVE
8.8,1,885.437,5009.96,3007.02,99.4797,-1.39127,-0.472662,CONFIRMED
8.8,3,889.638,7134.76,3006.26,100.125,-99.0593,-0.244961,CONFIRMED
8.8,9,8927.92,2425.66,3133.46,-167.588,-45.5327,-58.819,TENTATIVE
9,1,905.753,5010,3006.28,99.6895,-1.25356,-0.765993,CONFIRMED
9,3,909.908,7116.04,3005.96,100.172,-99.1317,-0.584371,CONFIRMED
9,9,8894.4,2416.56,3121.7,-167.588,-45.5327,-58.819,TENTATIVE
9.2,1,926.628,5011.83,3007.54,100.578,1.96179,1.25022,CONFIRMED
9.2,3,930.082,7095.73,3006.92,100.232,-99.3329,-0.141119,CONFIRMED
9.2,9,8860.89,2407.45,3109.94,-167.588,-45.5327,-58.819,TENTATIVE
9.3,1,936.467,5012.37,3007.17,100.457,2.1244,1.02061,CONFIRMED
9.3,3,939.297,7086.38,3005.8,99.8804,-99.0803,-0.600766,CONFIRMED
9.3,9,8844.13,2402.9,3104.06,-167.588,-45.5327,-58.819,TENTATIVE
9.5,1,956.505,5012.76,3007.45,100.436,2.11344,1.04599,CONFIRMED
9.5,3,959.207,7066.55,3005.74,99.8555,-99.0901,-0.568841,CONFIRMED
9.5,9,8810.61,2393.79,3092.29,-167.588,-45.5327,-58.819,TENTATIVE
9.7,1,977.232,5012.99,3007.78,100.761,2.01489,1.10049,CONFIRMED
9.7,3,980.249,7046.37,3006.12,100.321,-99.2459,-0.36901,CONFIRMED
9.7,9,8777.09,2384.68,3080.53,-167.588,-45.5327,-58.819,TENTATIVE
9.8,1,987.269,5013.41,3007.52,100.725,2.13017,0.920406,CONFIRMED
9.8,3,991.014,7036.57,3005.54,100.639,-99.1949,-0.597207,CONFIRMED
9.8,9,8760.33,2380.13,3074.65,-167.588,-45.5327,-58.819,TENTATIVE
10,1,1007.03,5014,3007.57,100.533,2.20832,0.855195,CONFIRMED
10,3,1010.29,7015.94,3004.36,99.9962,-101.162,-1.73417,CONFIRMED
10,9,8726.81,2371.02,3062.88,-167.588,-45.5327,-58.819,TENTATIVE
10.2,1,1027.36,5011.7,3007.89,100.543,0.447047,0.623522,CONFIRMED
10.2,3,1029.82,6995.75,3004.07,99.8068,-101.141,-1.70747,CONFIRMED
10.2,10,3033.56,3001.48,2993.56,23.1481,39.5568,37.3035,TENTATIVE
10.3,1,1037.47,5011.76,3007.9,100.575,0.456588,0.595566,CONFIRMED
10.3,3,1039.44,6985.31,3004.79,99.649,-101.277,-1.3353,CONFIRMED
10.3,10,3027.66,3010.18,3000.82,9.72787,47.6673,42.7608,TENTATIVE
10.5,1,1057.88,5011.66,3008.23,100.724,0.362678,0.696659,CONFIRMED
10.5,3,1059.49,6964.8,3005.07,99.6945,-101.387,-1.10133,CONFIRMED
10.5,10,3014.22,3034.85,3009.54,-14.9297,72.4629,42.5975,TENTATIVE
10.7,1,1077.89,5011.32,3009.11,100.664,0.177193,1.02815,CONFIRMED
10.7,3,1078.99,6944.89,3004.15,99.503,-101.225,-1.39828,CONFIRMED
10.7,10,3003.66,3063.21,3011.28,-26.3188,92.5087,33.3702,TENTATIVE
10.8,1,1088.51,5011.3,3009.07,100.943,0.154587,0.96231,CONFIRMED
10.8,3,1087.58,6935.11,3003.73,98.9008,-101.075,-1.51502,CONFIRMED
10.8,10,3002.04,3074.84,3011.11,-24.9613,95.8174,28.576,TENTATIVE
11,1,1109.18,5014.25,3010.55,100.627,-1.13871,-0.0273471,CONFIRMED
11,3,1106.58,6914.55,3004.49,98.5597,-101.212,-1.0732,CONFIRMED
11,10,2997.82,3096.65,3013.2,-24.1335,98.8444,24.5255,TENTATIVE
11.2,1,1128.91,5013.78,3011.1,100.433,-1.24831,0.235258,CONFIRMED
11.2,3,1128.24,6894.53,3005.29,99.5797,-100.071,-0.21679,CONFIRMED
11.2,10,3002.1,3122.42,3009.88,-17.8333,102.015,14.0788,TENTATIVE
11.2,11,3198.84,1298.66,2639.56,-102.082,-41.4431,-84.2345,TENTATIVE
11.2,12,-1615.15,1648.07,482.538,-119.707,122.147,35.7634,TENTATIVE
11.2,13,-3543.81,3084.71,2688.02,33.0864,-28.8001,-25.0964,TENTATIVE
11.3,1,1139.62,5013.75,3010.71,100.763,-1.21289,0.0404542,CONFIRMED
11.3,3,1137.85,6884.24,3006.05,99.4255,-100.191,0.116739,CONFIRMED
11.3,10,3002.1,3132.86,3009.27,-16.1079,102.212,12.1674,TENTATIVE
11.3,11,3188.64,1294.51,2631.14,-102.082,-41.4431,-84.2345,TENTATIVE
11.3,12,-1627.12,1660.29,486.114,-119.707,122.147,35.7634,TENTATIVE
11.3,13,-3540.5,3081.83,2685.51,33.0864,-28.8001,-25.0964,TENTATIVE
11.5,1,1159.18,5014.32,3009.59,100.453,-0.826326,-0.477132,CONFIRMED
11.5,3,1158.62,6863.49,3007.36,99.8073,-100.5,0.653535,CONFIRMED
11.5,10,2999.93,3154.05,3009.88,-15.2426,102.824,10.6707,TENTATIVE
11.5,11,3168.22,1286.22,2614.29,-102.082,-41.4431,-84.2345,TENTATIVE
11.5,12,-1651.06,1684.72,493.267,-119.707,122.147,35.7634,TENTATIVE
11.5,13,-3533.88,3076.07,2680.49,33.0864,-28.8001,-25.0964,TENTATIVE
11.7,1,1178.86,5014.47,3009.14,100.246,-0.678096,-0.640064,CONFIRMED
11.7,3,1177.11,6843.13,3008.66,99.1695,-100.6,1.14306,CONFIRMED
11.7,10,3001.69,3174.24,3007.64,-11.6336,102.455,7.48751,TENTATIVE
11.7,11,3147.8,1277.93,2597.45,-102.082,-41.4431,-84.2345,TENTATIVE
11.7,12,-1675.01,1709.15,500.42,-119.707,122.147,35.7634,TENTATIVE
11.7,13,-3527.26,3070.31,2675.47,33.0864,-28.8001,-25.0964,TENTATIVE
11.8,1,1189.09,5014.55,3008.75,100.348,-0.612351,-0.790886,CONFIRMED
11.8,3,1188.78,6832.93,3008.4,99.9533,-100.676,0.992551,CONFIRMED
11.8,10,3000.53,3184.48,3008.39,-11.6336,102.455,7.48751,TENTATIVE
11.8,11,3137.6,1273.79,2589.02,-102.082,-41.4431,-84.2345,TENTATIVE
11.8,12,-1686.98,1721.36,503.996,-119.707,122.147,35.7634,TENTATIVE
11.8,13,-3523.96,3067.43,2672.96,33.0864,-28.8001,-25.0964,TENTATIVE
12,1,1208.13,5014.83,3008.34,99.8045,-0.391525,-0.938407,CONFIRMED
12,3,1209.41,6812.62,3008.74,100.24,-100.755,1.05488,CONFIRMED
12,10,3001.62,3205.07,3006.39,-9.35152,102.48,5.20029,TENTATIVE
12,11,3117.18,1265.5,2572.18,-102.082,-41.4431,-84.2345,TENTATIVE
12,12,-1710.92,1745.79,511.149,-119.707,122.147,35.7634,TENTATIVE
12,13,-3517.34,3061.67,2667.94,33.0864,-28.8001,-25.0964,TENTATIVE
12.2,1,1229.19,5018.19,3010.77,100.29,0.896469,0.0939877,CONFIRMED
12.2,3,1230.7,6792.87,3008.99,100.561,-101.809,0.516614,CONFIRMED
12.2,10,3004.6,3228.4,3008.59,-6.53557,104.064,5.75201,TENTATIVE
12.2,11,3096.76,1257.21,2555.33,-102.082,-41.4431,-84.2345,TENTATIVE
12.2,12,-1734.86,1770.22,518.301,-119.707,122.147,35.7634,TENTATIVE
12.2,13,-3510.72,3055.91,2662.92,33.0864,-28.8001,-25.0964,TENTATIVE
12.2,14,-6403.79,7972.4,6705.37,77.2844,-96.2153,-80.9241,TENTATIVE
12.3,1,1237.78,5018.45,3011.1,99.5629,0.991454,0.258598,CONFIRMED
12.3,3,1240.75,6782.69,3009.04,100.561,-101.809,0.516614,CONFIRMED
12.3,10,3004.75,3238.18,3009.03,-6.02579,103.673,5.67315,TENTATIVE
12.3,11,3086.55,1253.07,2546.91,-102.082,-41.4431,-84.2345,TENTATIVE
12.3,12,-1746.83,1782.43,521.878,-119.707,122.147,35.7634,TENTATIVE
12.3,13,-3507.41,3053.03,2660.41,33.0864,-28.8001,-25.0964,TENTATIVE
12.3,14,-6396.06,7962.77,6697.28,77.2844,-96.2153,-80.9241,TENTATIVE
12.5,1,1258.02,5018.22,3011.73,99.7273,0.787979,0.525386,CONFIRMED
12.5,3,1261.48,6763.15,3007.05,100.831,-101.461,-0.375763,CONFIRMED
12.5,10,3005.02,3258.14,3009.55,-5.12876,103.205,5.29348,TENTATIVE
12.5,11,3066.14,1244.78,2530.06,-102.082,-41.4431,-84.2345,TENTATIVE
12.5,12,-1770.77,1806.86,529.03,-119.707,122.147,35.7634,TENTATIVE
12.5,13,-3500.8,3047.27,2655.4,33.0864,-28.8001,-25.0964,TENTATIVE
12.5,14,-6380.6,7943.53,6681.09,77.2844,-96.2153,-80.9241,TENTATIVE
12.7,1,1278.96,5017.89,3012.22,100.232,0.561578,0.681449,CONFIRMED
12.7,3,1281.62,6742.83,3007.03,100.814,-101.472,-0.343667,CONFIRMED
12.7,10,3005.89,3277.94,3009.64,-4.01517,102.679,4.76058,TENTATIVE
12.7,11,3045.72,1236.49,2513.21,-102.082,-41.4431,-84.2345,TENTATIVE
12.7,12,-1794.71,1831.29,536.183,-119.707,122.147,35.7634,TENTATIVE
12.7,13,-3494.18,3041.51,2650.38,33.0864,-28.8001,-25.0964,TENTATIVE
12.7,14,-6365.15,7924.29,6664.91,77.2844,-96.2153,-80.9241,TENTATIVE
12.8,1,1289.08,5017.71,3012.64,100.288,0.443058,0.854518,CONFIRMED
12.8,3,1291.25,6732.75,3007.05,100.607,-101.442,-0.318902,CONFIRMED
12.8,10,3005.49,3288.21,3010.12,-4.01517,102.679,4.76058,TENTATIVE
12.8,11,3035.51,1232.35,2504.79,-102.082,-41.4431,-84.2345,TENTATIVE
12.8,12,-1806.68,1843.51,539.759,-119.707,122.147,35.7634,TENTATIVE
12.8,13,-3490.87,3038.63,2647.87,33.0864,-28.8001,-25.0964,TENTATIVE
12.8,14,-6357.42,7914.67,6656.81,77.2844,-96.2153,-80.9241,TENTATIVE
13,1,1308.55,5017.76,3013.13,99.9936,0.429209,1.00679,CONFIRMED
13,3,1311.93,6712.37,3006.95,100.862,-101.482,-0.341533,CONFIRMED
13,10,3006.78,3307.76,3010.05,-2.88689,102.126,4.24104,TENTATIVE
13,11,3015.1,1224.06,2487.94,-102.082,-41.4431,-84.2345,TENTATIVE
13,12,-1830.63,1867.94,546.912,-119.707,122.147,35.7634,TENTATIVE
13,13,-3484.25,3032.87,2642.85,33.0864,-28.8001,-25.0964,TENTATIVE
13,14,-6341.96,7895.42,6640.63,77.2844,-96.2153,-80.9241,TENTATIVE
13,15,-2484.37,4803.5,4385.04,6.58029,-12.7229,-11.6145,TENTATIVE
13.2,1,1328.56,5019.17,3013.67,100.073,1.24151,1.28632,CONFIRMED
13.2,3,1331.9,6693.79,3007.78,100.896,-100.296,0.279409,CONFIRMED
13.2,10,3009.08,3329.04,3012.45,-3.14984,100.644,3.2797,TENTATIVE
13.2,11,2994.68,1215.77,2471.1,-102.082,-41.4431,-84.2345,TENTATIVE
13.2,12,-1854.57,1892.37,554.065,-119.707,122.147,35.7634,TENTATIVE
13.2,13,-3477.63,3027.11,2637.83,33.0864,-28.8001,-25.0964,TENTATIVE
13.2,14,-6326.5,7876.18,6624.44,77.2844,-96.2153,-80.9241,TENTATIVE
13.2,15,-2483.05,4800.96,4382.72,6.58029,-12.7229,-11.6145,TENTATIVE
13.2,16,-3964.04,11806.9,4183.19,15.1842,-45.226,-16.0236,TENTATIVE
13.2,17,8281.62,7424.16,4925.2,28.8715,25.8822,17.1703,TENTATIVE
13.2,18,11950.1,670.419,1028.41,131.081,7.35382,11.2807,TENTATIVE
13.3,1,1339.17,5019.22,3013.65,100.393,1.18735,1.22483,CONFIRMED
13.3,3,1341.99,6683.76,3007.81,100.896,-100.296,0.279409,CONFIRMED
13.3,10,3008.91,3338.89,3012.88,-3.07015,100.53,3.32972,TENTATIVE
13.3,11,2984.47,1211.63,2462.67,-102.082,-41.4431,-84.2345,TENTATIVE
13.3,12,-1866.54,1904.58,557.641,-119.707,122.147,35.7634,TENTATIVE
13.3,13,-3474.33,3024.23,2635.32,33.0864,-28.8001,-25.0964,TENTATIVE
13.3,14,-6318.77,7866.56,6616.35,77.2844,-96.2153,-80.9241,TENTATIVE
13.3,15,-2482.4,4799.68,4381.56,6.58029,-12.7229,-11.6145,TENTATIVE
13.3,16,-3962.52,11802.3,4181.58,15.1842,-45.226,-16.0236,TENTATIVE
13.3,17,8284.51,7426.74,4926.92,28.8715,25.8822,17.1703,TENTATIVE
13.3,18,11963.3,671.154,1029.54,131.081,7.35382,11.2807,TENTATIVE
13.5,1,1359.25,5019.46,3013.89,100.393,1.18735,1.22483,CONFIRMED
13.5,3,1362.94,6663.29,3008.42,101.258,-100.483,0.513781,CONFIRMED
13.5,10,3008.05,3359.67,3013.04,-3.20187,100.866,3.07961,TENTATIVE
13.5,11,2964.06,1203.34,2445.83,-102.082,-41.4431,-84.2345,TENTATIVE
13.5,12,-1890.48,1929.01,564.794,-119.707,122.147,35.7634,TENTATIVE
13.5,13,-3467.71,3018.47,2630.3,33.0864,-28.8001,-25.0964,TENTATIVE
13.5,14,-6303.32,7847.32,6600.17,77.2844,-96.2153,-80.9241,TENTATIVE
13.5,15,-2481.08,4797.14,4379.23,6.58029,-12.7229,-11.6145,TENTATIVE
13.5,16,-3959.49,11793.3,4178.38,15.1842,-45.226,-16.0236,TENTATIVE
13.5,17,8290.28,7431.92,4930.35,28.8715,25.8822,17.1703,TENTATIVE
13.5,18,11989.5,672.625,1031.8,131.081,7.35382,11.2807,TENTATIVE
13.7,1,1379.05,5019.79,3014.11,100.26,1.23322,1.21119,CONFIRMED
13.7,3,1382.68,6643.18,3008.79,101.022,-100.486,0.634267,CONFIRMED
13.7,10,3009.45,3379.4,3012.11,-2.1315,100.606,2.30617,TENTATIVE
13.7,11,2943.64,1195.05,2428.98,-102.082,-41.4431,-84.2345,TENTATIVE
13.7,12,-1914.42,1953.44,571.946,-119.707,122.147,35.7634,TENTATIVE
13.7,13,-3461.09,3012.71,2625.28,33.0864,-28.8001,-25.0964,TENTATIVE
13.7,14,-6287.86,7828.07,6583.98,77.2844,-96.2153,-80.9241,TENTATIVE
13.7,15,-2479.76,4794.59,4376.91,6.58029,-12.7229,-11.6145,TENTATIVE
13.7,16,-3956.45,11784.2,4175.17,15.1842,-45.226,-16.0236,TENTATIVE
13.7,17,8296.06,7437.1,4933.78,28.8715,25.8822,17.1703,TENTATIVE
13.7,18,12015.7,674.095,1034.06,131.081,7.35382,11.2807,TENTATIVE
13.8,1,1389.08,5019.92,3014.23,100.26,1.23322,1.21119,CONFIRMED
13.8,3,1391.74,6632.91,3009.83,100.544,-100.584,1.07551,CONFIRMED
13.8,10,3009.23,3389.46,3012.34,-2.1315,100.606,2.30617,TENTATIVE
13.8,11,2933.43,1190.9,2420.56,-102.082,-41.4431,-84.2345,TENTATIVE
13.8,12,-1926.39,1965.66,575.523,-119.707,122.147,35.7634,TENTATIVE
13.8,13,-3457.78,3009.83,2622.77,33.0864,-28.8001,-25.0964,TENTATIVE
13.8,14,-6280.13,7818.45,6575.89,77.2844,-96.2153,-80.9241,TENTATIVE
13.8,15,-2479.11,4793.32,4375.75,6.58029,-12.7229,-11.6145,TENTATIVE
13.8,16,-3954.93,11779.7,4173.57,15.1842,-45.226,-16.0236,TENTATIVE
13.8,17,8298.95,7439.69,4935.5,28.8715,25.8822,17.1703,TENTATIVE
13.8,18,12028.8,674.831,1035.18,131.081,7.35382,11.2807,TENTATIVE
14,1,1408.6,5020.44,3014.26,100.029,1.35263,1.12072,CONFIRMED
14,3,1411.96,6614.66,3009.47,100.434,-100.526,0.478945,CONFIRMED
14,10,3009.98,3409.27,3011.99,-1.53116,100.428,1.90924,TENTATIVE
14,11,2913.01,1182.62,2403.71,-102.082,-41.4431,-84.2345,TENTATIVE
14,12,-1950.33,1990.08,582.676,-119.707,122.147,35.7634,TENTATIVE
14,13,-3451.17,3004.07,2617.75,33.0864,-28.8001,-25.0964,TENTATIVE
14,14,-6264.68,7799.21,6559.7,77.2844,-96.2153,-80.9241,TENTATIVE
14,15,-2477.79,4790.78,4373.43,6.58029,-12.7229,-11.6145,TENTATIVE
14,16,-3951.89,11770.7,4170.37,15.1842,-45.226,-16.0236,TENTATIVE
14,17,8304.72,7444.86,4938.93,28.8715,25.8822,17.1703,TENTATIVE
14,18,12055,676.302,1037.44,131.081,7.35382,11.2807,TENTATIVE
14.2,1,1428.65,5019.9,3014.98,100.722,3.45194,2.81736,CONFIRMED
14.2,3,1432.28,6594.81,3008.9,100.543,-100.419,0.192993,CONFIRMED
14.2,10,3009.2,3428.35,3010.32,-2.18956,99.4363,0.47397,TENTATIVE
14.2,14,-6249.22,7779.97,6543.52,77.2844,-96.2153,-80.9241,TENTATIVE
14.2,15,-2476.47,4788.23,4371.1,6.58029,-12.7229,-11.6145,TENTATIVE
14.2,16,-3948.86,11761.6,4167.16,15.1842,-45.226,-16.0236,TENTATIVE
14.2,17,8310.5,7450.04,4942.37,28.8715,25.8822,17.1703,TENTATIVE
14.2,18,12081.2,677.772,1039.7,131.081,7.35382,11.2807,TENTATIVE
14.3,1,1439.84,5020.25,3014.7,101.264,3.44058,2.55912,CONFIRMED
14.3,3,1442.34,6584.77,3008.92,100.543,-100.419,0.192993,CONFIRMED
14.3,10,3009.33,3438.41,3009.89,-2.00962,99.4771,0.245922,TENTATIVE
14.3,14,-6241.49,7770.34,6535.43,77.2844,-96.2153,-80.9241,TENTATIVE
14.3,15,-2475.82,4786.96,4369.94,6.58029,-12.7229,-11.6145,TENTATIVE
14.3,16,-3947.34,11757.1,4165.56,15.1842,-45.226,-16.0236,TENTATIVE
14.3,17,8313.38,7452.63,4944.09,28.8715,25.8822,17.1703,TENTATIVE
14.3,18,12094.3,678.508,1040.82,131.081,7.35382,11.2807,TENTATIVE
14.5,1,1460.32,5021.13,3014.79,101.355,3.52728,2.36816,CONFIRMED
14.5,3,1461.94,6564.36,3009.9,100.318,-100.554,0.599434,CONFIRMED
14.5,10,3008.9,3458.56,3009.66,-2.03538,99.6122,0.11361,TENTATIVE
14.5,14,-6226.03,7751.1,6519.24,77.2844,-96.2153,-80.9241,TENTATIVE
14.5,15,-2474.5,4784.42,4367.62,6.58029,-12.7229,-11.6145,TENTATIVE
14.5,16,-3944.3,11748.1,4162.36,15.1842,-45.226,-16.0236,TENTATIVE
14.5,17,8319.16,7457.8,4947.52,28.8715,25.8822,17.1703,TENTATIVE
14.5,18,12120.6,679.979,1043.08,131.081,7.35382,11.2807,TENTATIVE
14.7,1,1480.52,5022.59,3014.02,101.299,3.88991,1.79198,CONFIRMED
14.7,3,1481.01,6543.94,3011.19,99.8818,-100.68,1.09494,CONFIRMED
14.7,10,3008.78,3478.59,3009.28,-1.88823,99.658,-0.0868933,TENTATIVE
14.7,14,-6210.58,7731.86,6503.06,77.2844,-96.2153,-80.9241,TENTATIVE
14.7,15,-2473.18,4781.87,4365.3,6.58029,-12.7229,-11.6145,TENTATIVE
14.7,16,-3941.26,11739,4159.15,15.1842,-45.226,-16.0236,TENTATIVE
14.7,17,8324.93,7462.98,4950.95,28.8715,25.8822,17.1703,TENTATIVE
14.7,18,12146.8,681.449,1045.34,131.081,7.35382,11.2807,TENTATIVE
14.8,1,1491.19,5022.75,3014.33,101.578,3.77081,1.84944,CONFIRMED
14.8,3,1490.51,6533.89,3011.52,99.6563,-100.671,1.18913,CONFIRMED
14.8,10,3008.92,3488.19,3009.36,-1.71346,99.4674,-0.0390897,TENTATIVE
14.8,14,-6202.85,7722.24,6494.97,77.2844,-96.2153,-80.9241,TENTATIVE
14.8,15,-2472.53,4780.6,4364.14,6.58029,-12.7229,-11.6145,TENTATIVE
14.8,16,-3939.75,11734.5,4157.55,15.1842,-45.226,-16.0236,TENTATIVE
14.8,17,8327.82,7465.57,4952.67,28.8715,25.8822,17.1703,TENTATIVE
14.8,18,12159.9,682.185,1046.46,131.081,7.35382,11.2807,TENTATIVE
15,1,1511.46,5023.2,3015.22,101.558,3.6332,2.08878,CONFIRMED
15,3,1510,6514.53,3010.25,99.2468,-101.218,0.132503,CONFIRMED
15,10,3009.18,3507.34,3009.63,-1.38634,99.0726,0.0949223,TENTATIVE
15,14,-6187.39,7702.99,6478.78,77.2844,-96.2153,-80.9241,TENTATIVE
15,15,-2471.21,4778.06,4361.81,6.58029,-12.7229,-11.6145,TENTATIVE
15,16,-3936.71,11725.4,4154.34,15.1842,-45.226,-16.0236,TENTATIVE
15,17,8333.59,7470.74,4956.1,28.8715,25.8822,17.1703,TENTATIVE
15,18,12186.1,683.655,1048.72,131.081,7.35382,11.2807,TENTATIVE
15.2,1,1532.48,5023.45,3016.08,101.898,3.4103,2.28803,CONFIRMED
15.2,3,1530.52,6494.72,3008.99,99.5493,-101.043,-0.4029,CONFIRMED
15.2,10,3011.1,3528.88,3012.03,0.127176,100.405,1.6624,TENTATIVE
15.2,15,-2469.89,4775.51,4359.49,6.58029,-12.7229,-11.6145,TENTATIVE
15.2,16,-3933.67,11716.4,4151.14,15.1842,-45.226,-16.0236,TENTATIVE
15.2,17,8339.37,7475.92,4959.54,28.8715,25.8822,17.1703,TENTATIVE
15.2,18,12212.3,685.126,1050.98,131.081,7.35382,11.2807,TENTATIVE
15.3,1,1542.78,5023.34,3017,101.958,3.20193,2.60459,CONFIRMED
15.3,3,1539.73,6485.08,3008.35,99.2019,-100.831,-0.6602,CONFIRMED
15.3,10,3011.11,3538.92,3012.2,0.127176,100.405,1.6624,TENTATIVE
15.3,15,-2469.24,4774.24,4358.33,6.58029,-12.7229,-11.6145,TENTATIVE
15.3,16,-3932.15,11711.9,4149.54,15.1842,-45.226,-16.0236,TENTATIVE
15.3,17,8342.25,7478.51,4961.26,28.8715,25.8822,17.1703,TENTATIVE
15.3,18,12225.4,685.862,1052.1,131.081,7.35382,11.2807,TENTATIVE
15.5,1,1563.83,5024.1,3016.98,102.27,3.25473,2.35733,CONFIRMED
15.5,3,1559.36,6464.85,3008.45,99.1077,-100.856,-0.55589,CONFIRMED
15.5,10,3011.05,3558.98,3012.64,0.0759552,100.404,1.715,TENTATIVE
15.5,15,-2467.92,4771.69,4356.01,6.58029,-12.7229,-11.6145,TENTATIVE
15.5,16,-3929.12,11702.8,4146.33,15.1842,-45.226,-16.0236,TENTATIVE
15.5,17,8348.03,7483.68,4964.69,28.8715,25.8822,17.1703,TENTATIVE
15.5,18,12251.6,687.332,1054.36,131.081,7.35382,11.2807,TENTATIVE
15.7,1,1584.02,5025.34,3016.62,102.134,3.52973,1.97,CONFIRMED
15.7,3,1578.83,6444.7,3008.49,98.9496,-100.848,-0.487169,CONFIRMED
15.7,10,3011.61,3579.13,3012.37,0.350885,100.425,1.41406,TENTATIVE
15.7,15,-2466.6,4769.15,4353.68,6.58029,-12.7229,-11.6145,TENTATIVE
15.7,16,-3926.08,11693.8,4143.13,15.1842,-45.226,-16.0236,TENTATIVE
15.7,17,8353.8,7488.86,4968.12,28.8715,25.8822,17.1703,TENTATIVE
15.7,18,12277.9,688.803,1056.62,131.081,7.35382,11.2807,TENTATIVE
15.8,1,1595.11,5025.55,3016.59,102.567,3.45528,1.86872,CONFIRMED
15.8,3,1589.48,6435.08,3007.05,99.2963,-100.643,-1.10961,CONFIRMED
15.8,10,3011.64,3589.17,3012.51,0.350885,100.425,1.41406,TENTATIVE
15.8,15,-2465.95,4767.88,4352.52,6.58029,-12.7229,-11.6145,TENTATIVE
15.8,16,-3924.56,11689.3,4141.53,15.1842,-45.226,-16.0236,TENTATIVE
15.8,17,8356.69,7491.45,4969.84,28.8715,25.8822,17.1703,TENTATIVE
15.8,18,12291,689.538,1057.74,131.081,7.35382,11.2807,TENTATIVE
16,1,1615.89,5026.14,3016.99,102.725,3.40113,1.87357,CONFIRMED
16,3,1609.34,6414.95,3006.83,99.2963,-100.643,-1.10961,CONFIRMED
16,10,3012.36,3609.02,3012.43,0.682978,100.292,1.24204,TENTATIVE
16,15,-2464.63,4765.33,4350.2,6.58029,-12.7229,-11.6145,TENTATIVE
16,16,-3921.53,11680.2,4138.32,15.1842,-45.226,-16.0236,TENTATIVE
16,17,8362.46,7496.63,4973.28,28.8715,25.8822,17.1703,TENTATIVE
16,18,12317.2,691.009,1060,131.081,7.35382,11.2807,TENTATIVE
16,19,-8775.22,2770.52,8911.63,-82.758,26.1284,84.0445,TENTATIVE
16.1,1,1626.06,5027.06,3018.06,101.875,1.10321,0.737246,CONFIRMED
16.1,3,1619.01,6406.53,3007.29,99.2973,-99.3872,-0.614519,CONFIRMED
16.1,10,3012.55,3619.26,3012.18,0.738395,100.396,1.06174,TENTATIVE
16.1,19,-8783.5,2773.13,8920.03,-82.758,26.1284,84.0445,TENTATIVE
16.3,1,1645.98,5027.7,3017.77,101.656,1.29888,0.53921,CONFIRMED
16.3,3,1640.13,6386.21,3007.42,99.8846,-99.6089,-0.494567,CONFIRMED
16.3,10,3013.25,3639.54,3011.6,1.00945,100.486,0.682093,TENTATIVE
16.3,19,-8800.05,2778.36,8936.84,-82.758,26.1284,84.0445,TENTATIVE
16.5,1,1665.72,5028.11,3017.97,101.357,1.37406,0.587612,CONFIRMED
16.5,3,1661.38,6365.86,3007.5,100.465,-99.8068,-0.418064,CONFIRMED
16.5,10,3013.79,3659.18,3011.95,1.18039,100.252,0.793304,TENTATIVE
16.5,19,-8816.6,2783.59,8953.65,-82.758,26.1284,84.0445,TENTATIVE
16.6,1,1675.77,5028.25,3018.08,101.312,1.37738,0.607981,CONFIRMED
16.6,3,1671.43,6355.88,3007.46,100.465,-99.8068,-0.418064,CONFIRMED
16.6,10,3013.9,3669.2,3012.03,1.18039,100.252,0.793304,TENTATIVE
16.6,19,-8824.88,2786.2,8962.05,-82.758,26.1284,84.0445,TENTATIVE
16.8,1,1695.11,5027.61,3020.26,100.86,0.974405,1.54124,CONFIRMED
16.8,3,1691.35,6336.43,3006.4,100.393,-99.5928,-0.823345,CONFIRMED
16.8,10,3013.08,3690.24,3012.05,0.601125,100.781,0.727801,TENTATIVE
16.8,19,-8841.43,2791.42,8978.86,-82.758,26.1284,84.0445,TENTATIVE
17,1,1715.15,5028.47,3019.54,100.784,1.2763,1.08206,CONFIRMED
17,3,1711.22,6316.75,3008.07,100.799,-97.6827,0.829655,CONFIRMED
17,10,3013.95,3710.39,3011.45,0.985282,100.763,0.365792,TENTATIVE
17,19,-8857.98,2796.65,8995.67,-82.758,26.1284,84.0445,TENTATIVE
17.1,1,1723.55,5025.38,3017.71,99.9575,-0.195516,0.193216,CONFIRMED
17.1,3,1721.31,6306.97,3008.17,100.82,-97.692,0.836787,CONFIRMED
17.1,10,3016.14,3723.09,3012.16,0.966877,100.803,-0.341887,CONFIRMED
17.1,19,-8866.25,2799.26,9004.07,-82.758,26.1284,84.0445,TENTATIVE
17.3,1,1743.21,5025.16,3018.26,99.8021,-0.276608,0.424057,CONFIRMED
17.3,3,1740.71,6287.43,3008.79,100.477,-97.6845,1.03349,CONFIRMED
17.3,10,3016.19,3743.22,3012.27,0.894874,100.789,-0.251533,CONFIRMED
17.3,19,-8882.81,2804.49,9020.88,-82.758,26.1284,84.0445,TENTATIVE
17.5,1,1762.56,5025.78,3017.58,99.5115,0.039445,0.0750904,CONFIRMED
17.5,3,1762.8,6267.69,3008.24,101.358,-97.7881,0.7041,CONFIRMED
17.5,10,3016.27,3763.81,3011.77,0.840489,100.996,-0.461377,CONFIRMED
17.5,19,-8899.36,2809.71,9037.69,-82.758,26.1284,84.0445,TENTATIVE
17.6,1,1773.47,5025.92,3016.77,99.9846,0.0936811,-0.302974,CONFIRMED
17.6,3,1772.63,6257.81,3008.69,101.221,-97.8289,0.872119,CONFIRMED
17.6,10,3015.6,3774.56,3011.65,0.441435,101.339,-0.499244,CONFIRMED
17.6,19,-8907.63,2812.33,9046.1,-82.758,26.1284,84.0445,TENTATIVE
17.8,1,1794.1,5025.99,3016.24,100.293,0.112975,-0.522013,CONFIRMED
17.8,3,1791.69,6238.42,3009.21,100.694,-97.7344,0.998625,CONFIRMED
17.8,10,3016.2,3794.03,3012.05,0.713156,100.934,-0.255402,CONFIRMED
17.8,19,-8924.18,2817.55,9062.91,-82.758,26.1284,84.0445,TENTATIVE
18,1,1813.64,5025.96,3016.55,100.046,0.0896182,-0.333334,CONFIRMED
18,3,1811.06,6218.16,3009.04,99.9512,-99.3246,0.204007,CONFIRMED
18,10,3016.21,3814.01,3012.4,0.656236,100.841,-0.080314,CONFIRMED
18,19,-8940.74,2822.78,9079.71,-82.758,26.1284,84.0445,TENTATIVE
18.1,1,1822.43,5023.19,3015.72,99.675,-0.538745,-0.306952,CONFIRMED
18.1,3,1822.04,6207.97,3008.98,100.407,-99.4509,0.159473,CONFIRMED
18.1,10,3016.33,3824.76,3013.14,0.495836,100.959,0.103155,CONFIRMED
18.1,19,-8949.01,2825.39,9088.12,-82.758,26.1284,84.0445,TENTATIVE
18.3,1,1842.01,5022.33,3017.14,99.508,-0.878899,0.367876,CONFIRMED
18.3,3,1842.32,6187.78,3009.51,100.486,-99.5814,0.370199,CONFIRMED
18.3,10,3015.77,3845.58,3013,0.157068,101.274,0.0304996,CONFIRMED
18.3,19,-8965.56,2830.62,9104.93,-82.758,26.1284,84.0445,TENTATIVE
18.5,1,1862.07,5022.73,3016.15,99.5807,-0.616815,-0.115743,CONFIRMED
18.5,3,1862.47,6168.07,3009.12,100.509,-99.4872,0.165129,CONFIRMED
18.5,10,3015.95,3865.83,3012.87,0.214884,101.254,-0.00160605,CONFIRMED
18.5,19,-8982.12,2835.84,9121.74,-82.758,26.1284,84.0445,TENTATIVE
18.6,1,1872.34,5022.69,3015.91,99.7326,-0.613188,-0.219035,CONFIRMED
18.6,3,1873.16,6157.87,3009.25,100.801,-99.6131,0.231995,CONFIRMED
18.6,10,3015.97,3875.95,3012.87,0.214884,101.254,-0.00160605,CONFIRMED
18.6,19,-8990.39,2838.46,9130.14,-82.758,26.1284,84.0445,TENTATIVE
18.8,1,1892.63,5022.48,3015.78,99.8888,-0.653236,-0.252252,CONFIRMED
18.8,3,1893.26,6137.93,3009.37,100.771,-99.6198,0.264425,CONFIRMED
18.8,10,3015.47,3896.06,3013.59,-0.040316,101.182,0.347786,CONFIRMED
18.8,19,-9006.94,2843.68,9146.95,-82.758,26.1284,84.0445,TENTATIVE
19,1,1913.28,5022.12,3015.7,100.217,-0.771409,-0.26476,CONFIRMED
19,3,1913.15,6118.02,3009.56,100.654,-99.6096,0.319367,CONFIRMED
19,10,3017.36,3918.64,3014.07,-0.16178,101.019,-0.470054,CONFIRMED
19,19,-9023.49,2848.91,9163.76,-82.758,26.1284,84.0445,TENTATIVE
19.1,1,1922.05,5020.55,3014.79,100.489,0.912562,0.747722,CONFIRMED
19.1,3,1922.42,6105.84,3008.18,100.124,-101.043,-0.539328,CONFIRMED
19.1,10,3018.72,3928.24,3013.32,0.545036,100.745,-0.80869,CONFIRMED
19.1,20,7823.76,2408.25,4302.68,-111.235,-34.2395,-61.1737,TENTATIVE
19.3,1,1943.12,5020.39,3014.86,100.95,0.745467,0.712783,CONFIRMED
19.3,3,1942.1,6085.43,3008.7,99.9419,-101.125,-0.253702,CONFIRMED
19.3,10,3018.81,3948.27,3013.34,0.537581,100.685,-0.721324,CONFIRMED
19.3,20,7801.51,2401.4,4290.44,-111.235,-34.2395,-61.1737,TENTATIVE
19.5,1,1963.34,5020.87,3014.44,100.959,0.896723,0.454372,CONFIRMED
19.5,3,1962.35,6065.24,3008.41,100.068,-101.114,-0.361153,CONFIRMED
19.5,10,3017.93,3968.51,3014.04,0.0730538,100.734,-0.321497,CONFIRMED
19.5,20,7779.27,2394.55,4278.21,-111.235,-34.2395,-61.1737,TENTATIVE
19.6,1,1973.87,5021.26,3013.69,101.172,1.02935,0.0902015,CONFIRMED
19.6,3,1972.87,6055.37,3007.54,100.311,-101.008,-0.736477,CONFIRMED
19.6,10,3017.94,3978.59,3014.01,0.0730538,100.734,-0.321497,CONFIRMED
19.6,20,7768.14,2391.13,4272.09,-111.235,-34.2395,-61.1737,TENTATIVE
19.8,1,1994.51,5021.49,3013.4,101.378,1.03093,-0.0511267,CONFIRMED
19.8,3,1992.68,6035.14,3007.62,100.204,-101.018,-0.644055,CONFIRMED
19.8,10,3017.76,3998.35,3014.66,-0.0160455,100.555,0.00869275,CONFIRMED
19.8,20,7745.9,2384.28,4259.86,-111.235,-34.2395,-61.1737,TENTATIVE
20,1,2015.31,5021.45,3013.44,101.643,0.907265,-0.0231142,CONFIRMED
20,3,2013.42,6015.11,3006.69,100.535,-100.94,-1.02176,CONFIRMED
20,10,3017.77,4017.83,3015.48,0.00503155,100.249,0.396332,CONFIRMED
20,20,7723.65,2377.43,4247.62,-111.235,-34.2395,-61.1737,TENTATIVE
20.1,1,2025.7,5020.93,3012.98,101.57,0.155679,-0.512338,CONFIRMED
20.1,3,2023.91,6007.16,3008.24,100.425,-100.974,-0.757763,CONFIRMED
20.1,10,3019.52,4029.45,3017.07,0.541609,100.618,0.825784,CONFIRMED
20.1,20,7712.53,2374.01,4241.5,-111.235,-34.2395,-61.1737,TENTATIVE
20.1,21,-9742.83,9004.29,2862.02,38.9973,-36.0412,-11.4557,TENTATIVE
20.3,1,2046.1,5020.84,3013.03,101.613,0.0983935,-0.447992,CONFIRMED
20.3,3,2043.45,5986.57,3009.24,100.162,-101.147,-0.231792,CONFIRMED
20.3,10,3020.97,4049.19,3016.41,1.19388,100.422,0.441313,CONFIRMED
20.3,20,7690.28,2367.16,4229.27,-111.235,-34.2395,-61.1737,TENTATIVE
20.3,21,-9735.03,8997.08,2859.73,38.9973,-36.0412,-11.4557,TENTATIVE
20.5,1,2064.68,5021.57,3012.96,100.776,0.447767,-0.435441,CONFIRMED
20.5,3,2062,5966.67,3009.57,99.4248,-100.974,-0.0462962,CONFIRMED
20.5,10,3020.53,4069.79,3016.49,0.842339,100.681,0.437943,CONFIRMED
20.5,20,7668.03,2360.31,4217.03,-111.235,-34.2395,-61.1737,TENTATIVE
20.5,21,-9727.23,8989.87,2857.43,38.9973,-36.0412,-11.4557,TENTATIVE
20.6,1,2074.78,5021.49,3013.12,100.789,0.385749,-0.340718,CONFIRMED
20.6,3,2072.06,5956.63,3009.36,99.4807,-100.946,-0.141297,CONFIRMED
20.6,10,3020.87,4080.42,3015.51,0.958934,100.951,-0.0492983,CONFIRMED
20.6,20,7656.91,2356.89,4210.92,-111.235,-34.2395,-61.1737,TENTATIVE
20.6,21,-9723.33,8986.27,2856.29,38.9973,-36.0412,-11.4557,TENTATIVE
20.8,1,2095.18,5022.06,3012.06,100.892,0.609695,-0.787194,CONFIRMED
20.8,3,2091.13,5936.64,3009.53,99.0899,-100.85,-0.0528216,CONFIRMED
20.8,10,3022.12,4100.36,3014.77,1.49733,100.792,-0.37111,CONFIRMED
20.8,20,7634.66,2350.04,4198.68,-111.235,-34.2395,-61.1737,TENTATIVE
20.8,21,-9715.53,8979.06,2854,38.9973,-36.0412,-11.4557,TENTATIVE
21,1,2115.13,5022.12,3012.17,100.768,0.588741,-0.664787,CONFIRMED
21,3,2111.48,5916.68,3008.72,99.3378,-100.763,-0.399299,CONFIRMED
21,10,3022.24,4120.89,3014.38,1.39492,100.988,-0.536365,CONFIRMED
21,20,7612.41,2343.19,4186.45,-111.235,-34.2395,-61.1737,TENTATIVE
21,21,-9707.73,8971.85,2851.71,38.9973,-36.0412,-11.4557,TENTATIVE
21.1,1,2124.6,5020.3,3009.47,100.255,-0.756352,-2.17322,CONFIRMED
21.1,3,2120.8,5908.17,3009.16,99.4767,-98.8439,0.431109,CONFIRMED
21.1,10,3022.97,4131.7,3014.69,1.22109,100.725,-0.813635,CONFIRMED
21.1,20,7601.29,2339.77,4180.33,-111.235,-34.2395,-61.1737,TENTATIVE
21.1,21,-9703.83,8968.25,2850.56,38.9973,-36.0412,-11.4557,TENTATIVE
21.3,1,2145.12,5019.4,3009.93,100.492,-1.10865,-1.76247,CONFIRMED
21.3,3,2140.26,5888.97,3008.45,99.2886,-98.5915,0.0891143,CONFIRMED
21.3,10,3023.4,4151.55,3014.74,1.32422,100.568,-0.696494,CONFIRMED
21.3,20,7579.04,2332.92,4168.1,-111.235,-34.2395,-61.1737,TENTATIVE
21.3,21,-9696.03,8961.04,2848.27,38.9973,-36.0412,-11.4557,TENTATIVE
21.5,1,2165.25,5019.11,3009.68,100.514,-1.1399,-1.72613,CONFIRMED
21.5,3,2160.39,5868.45,3009.84,99.4365,-98.9658,0.699453,CONFIRMED
21.5,10,3023.04,4171.57,3015.36,1.01605,100.535,-0.341,CONFIRMED
21.5,20,7556.8,2326.07,4155.86,-111.235,-34.2395,-61.1737,TENTATIVE
21.5,21,-9688.23,8953.83,2845.98,38.9973,-36.0412,-11.4557,TENTATIVE
21.6,1,2175.48,5018.59,3010.05,100.604,-1.32944,-1.47716,CONFIRMED
21.6,3,2169.88,5858.35,3010.62,99.2131,-99.0568,1.04004,CONFIRMED
21.6,10,3022.7,4181.38,3016.11,0.806782,100.425,0.0246122,CONFIRMED
21.6,20,7545.67,2322.65,4149.74,-111.235,-34.2395,-61.1737,TENTATIVE
21.6,21,-9684.33,8950.22,2844.83,38.9973,-36.0412,-11.4557,TENTATIVE
21.8,1,2195.27,5018.99,3008.89,100.446,-1.03053,-1.85867,CONFIRMED
21.8,3,2191.04,5838.1,3010.73,99.8417,-99.2711,0.988267,CONFIRMED
21.8,10,3022.68,4201.85,3015.76,0.725238,100.6,-0.139088,CONFIRMED
21.8,20,7523.43,2315.8,4137.51,-111.235,-34.2395,-61.1737,TENTATIVE
21.8,21,-9676.53,8943.02,2842.54,38.9973,-36.0412,-11.4557,TENTATIVE
22,1,2215.77,5018.36,3008.92,100.646,-1.22432,-1.68361,CONFIRMED
22,3,2211.28,5818.2,3010.81,99.9742,-99.3004,0.946912,CONFIRMED
22,10,3022.06,4221.71,3016.86,0.360197,100.492,0.379057,CONFIRMED
22,20,7501.18,2308.95,4125.27,-111.235,-34.2395,-61.1737,TENTATIVE
22,21,-9668.73,8935.81,2840.25,38.9973,-36.0412,-11.4557,TENTATIVE
22.1,1,2225.44,5017.71,3008.62,100.673,-0.95938,-1.43747,CONFIRMED
22.1,3,2219.78,5804.1,3008.31,99.2673,-101.108,-0.213951,CONFIRMED
22.1,10,3021.98,4232.25,3016.33,0.290039,100.737,0.104706,CONFIRMED
22.1,21,-9664.83,8932.2,2839.11,38.9973,-36.0412,-11.4557,TENTATIVE
22.3,1,2244.6,5017.77,3008.66,100.224,-0.836004,-1.29108,CONFIRMED
22.3,3,2239.79,5783.66,3008.58,99.3396,-101.212,-0.0742007,CONFIRMED
22.3,10,3021.31,4252.95,3016.3,-0.0782729,101.016,0.0810072,CONFIRMED
22.3,21,-9657.03,8925,2836.81,38.9973,-36.0412,-11.4557,TENTATIVE
22.5,1,2265.24,5017.26,3008.52,100.502,-1.00213,-1.2305,CONFIRMED
22.5,3,2260.74,5763.18,3008.18,99.8366,-101.326,-0.245849,CONFIRMED
22.5,10,3021.57,4273.09,3016.13,0.0595447,100.979,-0.0047504,CONFIRMED
22.5,21,-9649.24,8917.79,2834.52,38.9973,-36.0412,-11.4557,TENTATIVE
22.6,1,2275.57,5016.93,3008.57,100.64,-1.11241,-1.15348,CONFIRMED
22.6,3,2270.31,5753.27,3008.06,99.6347,-101.219,-0.293233,CONFIRMED
22.6,10,3021.57,4283.19,3016.13,0.0595447,100.979,-0.0047504,CONFIRMED
22.6,21,-9645.34,8914.18,2833.38,38.9973,-36.0412,-11.4557,TENTATIVE
22.8,1,2294.95,5016.9,3008.58,100.291,-1.0107,-1.05305,CONFIRMED
22.8,3,2290.6,5732.56,3008.61,99.82,-101.448,-0.00258495,CONFIRMED
22.8,10,3021.85,4303.49,3015.72,0.186454,101.03,-0.203696,CONFIRMED
22.8,21,-9637.54,8906.98,2831.09,38.9973,-36.0412,-11.4557,TENTATIVE
23,1,2314.83,5017.32,3007.48,100.21,-0.735791,-1.44891,CONFIRMED
23,3,2311.28,5712.37,3007.86,100.16,-101.407,-0.341275,CONFIRMED
23,10,3022.02,4322.62,3017.07,0.241499,100.533,0.448175,CONFIRMED
23,21,-9629.74,8899.77,2828.8,38.9973,-36.0412,-11.4557,TENTATIVE
23.1,1,2325.01,5017.92,3008.07,100.462,-0.0534096,-0.888425,CONFIRMED
23.1,3,2322.78,5703.12,3009.96,100.981,-100.79,0.762974,CONFIRMED
23.1,10,3021.6,4332.42,3016.82,0.449799,101.007,0.731221,CONFIRMED
23.3,1,2345.19,5016.93,3009.46,100.492,-0.484289,-0.193791,CONFIRMED
23.3,3,2343.47,5682.72,3010.18,101.215,-100.909,0.791609,CONFIRMED
23.3,10,3021.87,4352.56,3016.87,0.546269,100.976,0.680982,CONFIRMED
23.5,1,2365.73,5016.7,3009.29,100.706,-0.552777,-0.25378,CONFIRMED
23.5,3,2362.92,5661.96,3012.03,100.86,-101.178,1.58112,CONFIRMED
23.5,10,3021.95,4373.07,3016.58,0.525728,101.125,0.481488,CONFIRMED
23.6,1,2375.16,5017.38,3008.55,100.394,-0.206959,-0.577676,CONFIRMED
23.6,3,2373.79,5652.05,3011.19,101.245,-101.089,1.10422,CONFIRMED
23.6,10,3021.14,4383.77,3016.63,0.0974547,101.415,0.481494,CONFIRMED
23.8,1,2395.46,5017,3008.82,100.496,-0.360126,-0.404879,CONFIRMED
23.8,3,2394.39,5631.98,3010.85,101.437,-101.028,0.836084,CONFIRMED
23.8,10,3020.93,4403.85,3017.24,0.00426509,101.323,0.710908,CONFIRMED
24,1,2415.93,5016.84,3008.59,100.664,-0.404747,-0.46647,CONFIRMED
24,3,2414.53,5612.64,3011.14,101.916,-99.3587,1.58415,CONFIRMED
24,10,3020.2,4424.5,3017.56,-0.362015,101.521,0.785936,CONFIRMED
24.1,1,2425.88,5018.16,3009.98,100.845,0.704947,0.470612,CONFIRMED
24.1,3,2424.62,5603.32,3010.25,101.864,-99.0726,1.11058,CONFIRMED
24.1,10,3016.22,4429.1,3014.76,-1.62001,99.7594,0.0602626,CONFIRMED
24.3,1,2445.93,5018.81,3009.32,100.774,0.932746,0.150582,CONFIRMED
24.3,3,2444.75,5583.23,3011.18,101.751,-99.1951,1.4287,CONFIRMED
24.3,10,3015.86,4448.98,3014.92,-1.63587,99.7234,0.130638,CONFIRMED
24.5,1,2464.64,5018.3,3011.71,100.132,0.654008,1.15963,CONFIRMED
24.5,3,2463.71,5564.13,3011.25,101.114,-98.855,1.34956,CONFIRMED
24.5,10,3015.94,4468.6,3015.03,-1.44462,99.5728,0.166812,CONFIRMED
24.6,1,2475.34,5018.26,3011.44,100.446,0.598418,0.986707,CONFIRMED
24.6,3,2474.6,5553.66,3011.81,101.503,-99.1457,1.5521,CONFIRMED
24.6,10,3016.26,4478.28,3015,-1.21669,99.4341,0.147698,CONFIRMED
24.8,1,2495.32,5018.16,3012.09,100.396,0.501293,1.19103,CONFIRMED
24.8,3,2495.16,5534.06,3011.48,101.626,-99.0428,1.26128,CONFIRMED
24.8,10,3016.94,4497.24,3015.5,-0.791906,98.994,0.385467,CONFIRMED
25,1,2515.91,5017.94,3012.42,100.632,0.349816,1.24474,CONFIRMED
25,3,2514.57,5514.82,3011.46,101.186,-98.769,1.13121,CONFIRMED
25,10,3016.55,4517.48,3015.14,-0.908019,99.2031,0.186871,CONFIRMED
25,22,1375.06,894.203,1589.56,-9.97901,-6.48936,-11.5357,TENTATIVE
25.1,1,2525.84,5018.66,3012.36,99.8647,-0.747452,0.316977,CONFIRMED
25.1,3,2524.05,5504.34,3010.92,100.395,-100.095,0.256807,CONFIRMED
25.1,10,3016.37,4526.68,3015.37,0.648211,101.234,1.86888,CONFIRMED
25.1,22,1374.06,893.554,1588.41,-9.97901,-6.48936,-11.5357,TENTATIVE
25.3,1,2546.95,5017.94,3012.39,100.395,-1.02102,0.304445,CONFIRMED
25.3,3,2544.13,5484.32,3010.97,100.395,-100.095,0.256807,CONFIRMED
25.3,10,3017.21,4546.96,3014.99,0.981175,101.233,1.53542,CONFIRMED
25.3,22,1372.07,892.256,1586.1,-9.97901,-6.48936,-11.5357,TENTATIVE
25.5,1,2566.87,5017.91,3012.29,100.316,-0.942923,0.244308,CONFIRMED
25.5,3,2563.63,5464.8,3010.62,100.115,-99.8629,0.0886564,CONFIRMED
25.5,10,3017.5,4567.38,3014.94,1.04123,101.294,1.38082,CONFIRMED
25.5,22,1370.07,890.958,1583.79,-9.97901,-6.48936,-11.5357,TENTATIVE
25.6,1,2577,5017.75,3012.34,100.365,-0.973797,0.252707,CONFIRMED
25.6,3,2574.92,5454.74,3009.67,100.74,-99.9183,-0.358859,CONFIRMED
25.6,10,3017.6,4577.51,3015.08,1.04123,101.294,1.38082,CONFIRMED
25.6,22,1369.07,890.309,1582.64,-9.97901,-6.48936,-11.5357,TENTATIVE
25.8,1,2597.56,5017.11,3012.72,100.577,-1.17209,0.397092,CONFIRMED
25.8,3,2594.77,5434.93,3009.54,100.601,-99.8348,-0.387415,CONFIRMED
25.8,10,3017.64,4598.81,3013.92,0.918337,101.783,0.752579,CONFIRMED
25.8,22,1367.08,889.012,1580.33,-9.97901,-6.48936,-11.5357,TENTATIVE
26,1,2617.19,5017.25,3012.6,100.33,-0.992392,0.313684,CONFIRMED
26,3,2616.1,5415.37,3010.86,102.047,-97.839,1.27516,CONFIRMED
26,10,3017.99,4618.86,3014.37,1.00441,101.638,0.889012,CONFIRMED
26,22,1365.08,887.714,1578.02,-9.97901,-6.48936,-11.5357,TENTATIVE
26.1,1,2627.88,5017.87,3012.41,101.375,0.744701,1.06612,CONFIRMED
26.1,3,2626.83,5405.35,3010.95,102.299,-97.9589,1.25265,CONFIRMED
26.1,10,3015.97,4626.05,3012.08,0.947274,101.615,0.712711,CONFIRMED
26.1,22,1364.08,887.065,1576.87,-9.97901,-6.48936,-11.5357,TENTATIVE
26.3,1,2647.56,5018.38,3012.53,101.113,0.910823,1.02988,CONFIRMED
26.3,3,2646.76,5385.28,3012.52,102.038,-98.1592,1.8406,CONFIRMED
26.3,10,3015.74,4646.98,3011.69,0.739882,101.91,0.454704,CONFIRMED
26.3,22,1362.09,885.767,1574.56,-9.97901,-6.48936,-11.5357,TENTATIVE
26.5,1,2667.59,5018.39,3013.2,101.019,0.831845,1.24714,CONFIRMED
26.5,3,2668.41,5365.04,3012.85,102.629,-98.4567,1.82387,CONFIRMED
26.5,10,3015.97,4667.06,3012.17,0.783705,101.768,0.634064,CONFIRMED
26.5,22,1360.09,884.469,1572.26,-9.97901,-6.48936,-11.5357,TENTATIVE
26.6,1,2677.42,5018.63,3013.3,100.888,0.909523,1.2364,CONFIRMED
26.6,3,2678.67,5355.2,3013.03,102.629,-98.4567,1.82387,CONFIRMED
26.6,10,3016.04,4677.36,3012.06,0.774273,101.823,0.557103,CONFIRMED
26.6,22,1359.09,883.82,1571.1,-9.97901,-6.48936,-11.5357,TENTATIVE
26.8,1,2697.82,5018.9,3013.21,100.983,0.947529,1.08718,CONFIRMED
26.8,3,2697.22,5336.58,3013.27,101.689,-97.9471,1.78052,CONFIRMED
26.8,10,3016.51,4697.43,3012.31,0.926085,101.684,0.623688,CONFIRMED
26.8,22,1357.1,882.522,1568.79,-9.97901,-6.48936,-11.5357,TENTATIVE
27,1,2717.75,5018.91,3013.98,100.864,0.860742,1.33926,CONFIRMED
27,3,2717.87,5317.06,3013.23,101.847,-97.9231,1.59565,CONFIRMED
27,10,3016.92,4717.85,3012.08,1.03881,101.716,0.46054,CONFIRMED
27,22,1355.1,881.224,1566.49,-9.97901,-6.48936,-11.5357,TENTATIVE
27,23,-847.253,3657.62,1787.57,-16.4632,71.0722,34.7348,TENTATIVE
27.1,1,2728.21,5018.5,3014.39,100.543,-0.299086,0.906802,CONFIRMED
27.1,3,2728.49,5307.47,3012.63,102.058,-97.8198,1.22279,CONFIRMED
27.1,10,3014.12,4724.52,3009.78,-0.698863,99.4521,-1.0094,CONFIRMED
27.1,22,1354.1,880.575,1565.33,-9.97901,-6.48936,-11.5357,TENTATIVE
27.1,23,-848.9,3664.73,1791.05,-16.4632,71.0722,34.7348,TENTATIVE
27.3,1,2748.13,5018.78,3014.17,100.465,-0.152314,0.737318,CONFIRMED
27.3,3,2748.81,5287.91,3012.95,102.016,-97.8173,1.25632,CONFIRMED
27.3,10,3013.38,4744.24,3010.47,-0.973769,99.3776,-0.61327,CONFIRMED
27.3,22,1352.11,879.277,1563.03,-9.97901,-6.48936,-11.5357,TENTATIVE
27.3,23,-852.192,3678.94,1797.99,-16.4632,71.0722,34.7348,TENTATIVE
27.5,1,2768.7,5018.16,3014.85,100.705,-0.430472,0.974056,CONFIRMED
27.5,3,2769.23,5268.27,3013.33,102.008,-97.8425,1.30894,CONFIRMED
27.5,10,3014.11,4763.3,3010.71,-0.535386,99.0008,-0.445827,CONFIRMED
27.5,22,1350.11,877.98,1560.72,-9.97901,-6.48936,-11.5357,TENTATIVE
27.5,23,-855.485,3693.16,1804.94,-16.4632,71.0722,34.7348,TENTATIVE
27.6,1,2778.45,5018.26,3015.02,100.555,-0.363538,1.00421,CONFIRMED
27.6,3,2779.43,5258.49,3013.46,102.008,-97.8425,1.30894,CONFIRMED
27.6,10,3014.48,4772.8,3010.88,-0.332278,98.8126,-0.346772,CONFIRMED
27.6,22,1349.11,877.331,1559.57,-9.97901,-6.48936,-11.5357,TENTATIVE
27.6,23,-857.131,3700.27,1808.41,-16.4632,71.0722,34.7348,TENTATIVE
27.8,1,2799.34,5017.99,3014.82,100.896,-0.448409,0.824401,CONFIRMED
27.8,3,2798.64,5239.13,3014.44,101.428,-97.7329,1.65007,CONFIRMED
27.8,10,3013.91,4792.67,3011.14,-0.564431,98.862,-0.193473,CONFIRMED
27.8,22,1347.12,876.033,1557.26,-9.97901,-6.48936,-11.5357,TENTATIVE
27.8,23,-860.424,3714.48,1815.36,-16.4632,71.0722,34.7348,TENTATIVE
28,1,2819.02,5017.79,3015.63,100.664,-0.489107,1.1097,CONFIRMED
28,3,2816.53,5216.49,3012.5,99.4336,-100.72,-0.321354,CONFIRMED
28,10,3013.41,4812.92,3010.72,-0.754039,99.0848,-0.361035,CONFIRMED
28,22,1345.12,874.735,1554.95,-9.97901,-6.48936,-11.5357,TENTATIVE
28,23,-863.716,3728.69,1822.31,-16.4632,71.0722,34.7348,TENTATIVE
28.1,1,2828.55,5018.79,3015,100.847,0.788701,1.25564,CONFIRMED
28.1,3,2826.23,5206.27,3012.97,99.2971,-100.792,-0.0656738,CONFIRMED
28.1,10,3013.7,4824.67,3012.57,0.277898,101.352,1.36997,CONFIRMED
28.1,23,-865.363,3735.8,1825.78,-16.4632,71.0722,34.7348,TENTATIVE
28.3,1,2848.46,5018.74,3015.85,100.726,0.709972,1.50501,CONFIRMED
28.3,3,2846.64,5185.78,3012.99,99.5701,-100.96,-0.0519745,CONFIRMED
28.3,10,3015.32,4844.66,3011.74,1.00745,101.209,0.875368,CONFIRMED
28.3,23,-868.655,3750.02,1832.73,-16.4632,71.0722,34.7348,TENTATIVE
28.5,1,2869.32,5018.56,3015.99,101.052,0.55855,1.43831,CONFIRMED
28.5,3,2866.55,5165.68,3012.82,99.5697,-100.918,-0.121855,CONFIRMED
28.5,10,3015.08,4865.42,3011.52,0.806389,101.435,0.705074,CONFIRMED
28.5,23,-871.948,3764.23,1839.68,-16.4632,71.0722,34.7348,TENTATIVE
28.6,1,2879.42,5018.62,3016.13,101.052,0.55855,1.43831,CONFIRMED
28.6,3,2875.64,5156.31,3012.42,99.1246,-100.555,-0.30022,CONFIRMED
28.6,10,3015.76,4875.69,3010.78,1.08364,101.488,0.339841,CONFIRMED
28.6,23,-873.594,3771.34,1843.15,-16.4632,71.0722,34.7348,TENTATIVE
28.8,1,2899.86,5018.23,3017.04,101.163,0.328815,1.71186,CONFIRMED
28.8,3,2895.9,5136.21,3011.92,99.3255,-100.556,-0.494054,CONFIRMED
28.8,10,3016.28,4895.99,3010.56,1.22488,101.483,0.20737,CONFIRMED
28.8,23,-876.887,3785.55,1850.1,-16.4632,71.0722,34.7348,TENTATIVE
29,1,2919.88,5018.23,3017.69,101.063,0.307369,1.84468,CONFIRMED
29,3,2913.1,5112.66,3010.05,98.6685,-100.971,-0.651499,CONFIRMED
29,10,3017.07,4916.02,3010.47,1.48674,101.352,0.158253,CONFIRMED
29,23,-880.18,3799.77,1857.04,-16.4632,71.0722,34.7348,TENTATIVE
29.1,1,2928.64,5017.68,3017.12,99.9987,-0.696084,1.05617,CONFIRMED
29.1,3,2922.32,5102.88,3010.11,98.3576,-100.811,-0.597764,CONFIRMED
29.1,10,3015.37,4925.01,3008.6,0.333044,100.334,-0.984988,CONFIRMED
29.1,23,-881.826,3806.87,1860.52,-16.4632,71.0722,34.7348,TENTATIVE
29.3,1,2947.96,5019.11,3015.39,99.671,0.00954178,0.215226,CONFIRMED
29.3,3,2942.81,5082.87,3008.92,98.7734,-100.753,-1.11479,CONFIRMED
29.3,10,3014.9,4945.56,3008.15,0.0922502,100.546,-1.09925,CONFIRMED
29.3,23,-885.119,3821.09,1867.46,-16.4632,71.0722,34.7348,TENTATIVE
29.5,1,2968.02,5019.68,3014.35,99.7226,0.261036,-0.255386,CONFIRMED
29.5,3,2963.85,5061.59,3009.27,99.4237,-101.32,-0.830605,CONFIRMED
29.5,10,3014.86,4965.24,3008.7,0.0752843,100.359,-0.768874,CONFIRMED
29.5,23,-888.411,3835.3,1874.41,-16.4632,71.0722,34.7348,TENTATIVE
29.6,1,2977.72,5019.46,3015.01,99.6006,0.154811,0.0446136,CONFIRMED
29.6,3,2973.8,5051.46,3009.19,99.4237,-101.32,-0.830605,CONFIRMED
29.6,10,3014.78,4975.54,3008.27,0.0324618,100.478,-0.924764,CONFIRMED
29.6,23,-890.058,3842.41,1877.88,-16.4632,71.0722,34.7348,TENTATIVE
29.8,1,2997.27,5020.42,3013.84,99.4365,0.561871,-0.466966,CONFIRMED
29.8,3,2995.36,5030.95,3007.74,100.22,-101.449,-1.41883,CONFIRMED
29.8,10,3014.45,4994.89,3009.66,-0.113365,100.155,-0.237764,CONFIRMED
29.8,23,-893.35,3856.62,1884.83,-16.4632,71.0722,34.7348,TENTATIVE
30,1,3017.41,5020.82,3013.01,99.5545,0.677948,-0.778818,CONFIRMED
30,3,3015.26,5010.63,3007.66,100.149,-101.463,-1.32424,CONFIRMED
30,10,3014.13,5015.31,3009.27,-0.247889,100.324,-0.385773,CONFIRMED
30,23,-896.643,3870.84,1891.78,-16.4632,71.0722,34.7348,TENTATIVE
30,24,-1952.84,7013.2,2970.62,41.3167,-148.379,-62.8499,TENTATIVE
30.1,1,3025.72,5018.71,3012,98.9369,-0.0423624,-1.05044,CONFIRMED
30.1,3,3026.57,5002.97,3008.41,101.357,-99.3605,-0.330405,CONFIRMED
30.1,10,3012.87,5022.38,3008.16,-0.222457,99.9042,-0.304691,CONFIRMED
30.1,24,-1948.71,6998.36,2964.33,41.3167,-148.379,-62.8499,TENTATIVE
30.1,25,13330.6,1882.27,2489.84,-80.9857,-11.4351,-15.1262,TENTATIVE
30.1,26,674.51,6978.25,833.502,-12.1934,-126.149,-15.0675,TENTATIVE
30.1,27,2407.69,6861.07,457.724,33.7515,96.1801,6.41648,TENTATIVE
30.3,1,3045.86,5018.41,3011.91,99.0961,-0.167606,-1.00873,CONFIRMED
30.3,3,3046.65,4983.32,3008.19,101.246,-99.2547,-0.386483,CONFIRMED
30.3,10,3014.06,5042.14,3007.25,0.328638,99.7892,-0.660161,CONFIRMED
30.3,24,-1940.45,6968.68,2951.76,41.3167,-148.379,-62.8499,TENTATIVE
30.3,25,13314.4,1879.99,2486.82,-80.9857,-11.4351,-15.1262,TENTATIVE
30.3,26,672.072,6953.02,830.488,-12.1934,-126.149,-15.0675,TENTATIVE
30.3,27,2414.44,6880.3,459.007,33.7515,96.1801,6.41648,TENTATIVE
30.5,1,3066.57,5017.97,3011.48,99.5017,-0.361575,-1.10958,CONFIRMED
30.5,3,3068.15,4963.02,3007.55,101.849,-99.4795,-0.650836,CONFIRMED
30.5,10,3015.04,5061.89,3006.55,0.745743,99.6919,-0.911811,CONFIRMED
30.5,24,-1932.18,6939.01,2939.19,41.3167,-148.379,-62.8499,TENTATIVE
30.5,25,13298.2,1877.7,2483.79,-80.9857,-11.4351,-15.1262,TENTATIVE
30.5,26,669.633,6927.79,827.475,-12.1934,-126.149,-15.0675,TENTATIVE
30.5,27,2421.19,6899.54,460.29,33.7515,96.1801,6.41648,TENTATIVE
30.6,1,3076.15,5017.98,3011.68,99.3292,-0.334872,-0.974031,CONFIRMED
30.6,3,3078.72,4952.86,3007.44,102.048,-99.5901,-0.678547,CONFIRMED
30.6,10,3015.12,5071.86,3006.46,0.745743,99.6919,-0.911811,CONFIRMED
30.6,24,-1928.05,6924.17,2932.91,41.3167,-148.379,-62.8499,TENTATIVE
30.6,25,13290.1,1876.56,2482.28,-80.9857,-11.4351,-15.1262,TENTATIVE
30.6,26,668.414,6915.17,825.968,-12.1934,-126.149,-15.0675,TENTATIVE
30.6,27,2424.56,6909.16,460.932,33.7515,96.1801,6.41648,TENTATIVE
30.8,1,3095.58,5017.38,3012.82,99.1392,-0.559613,-0.401241,CONFIRMED
30.8,3,3098.48,4933.3,3007.4,101.714,-99.401,-0.639441,CONFIRMED
30.8,10,3014.7,5092.37,3005.88,0.496435,99.9464,-1.09667,CONFIRMED
30.8,24,-1919.79,6894.49,2920.34,41.3167,-148.379,-62.8499,TENTATIVE
30.8,25,13273.9,1874.27,2479.25,-80.9857,-11.4351,-15.1262,TENTATIVE
30.8,26,665.975,6889.94,822.955,-12.1934,-126.149,-15.0675,TENTATIVE
30.8,27,2431.31,6928.39,462.215,33.7515,96.1801,6.41648,TENTATIVE
31,1,3116.3,5017.11,3012.09,99.5503,-0.650887,-0.67688,CONFIRMED
31,3,3118.64,4913.76,3006.91,101.623,-99.2372,-0.811086,CONFIRMED
31,10,3014.17,5112.78,3005.57,0.202557,100.142,-1.1356,CONFIRMED
31,24,-1911.53,6864.82,2907.77,41.3167,-148.379,-62.8499,TENTATIVE
31,25,13257.7,1871.98,2476.23,-80.9857,-11.4351,-15.1262,TENTATIVE
31,26,663.536,6864.71,819.941,-12.1934,-126.149,-15.0675,TENTATIVE
31,27,2438.06,6947.63,463.499,33.7515,96.1801,6.41648,TENTATIVE
31,28,2739.56,214.069,2451.4,-15.4125,-1.20433,-13.7913,TENTATIVE
31.1,1,3124.84,5015.75,3011.34,99.3927,-0.414428,-0.497888,CONFIRMED
31.1,3,3127.33,4903.79,3008.62,100.405,-99.9636,-0.385984,CONFIRMED
31.1,10,3014.02,5124.28,3006.75,0.343994,101.215,-0.332856,CONFIRMED
31.1,24,-1907.39,6849.98,2901.48,41.3167,-148.379,-62.8499,TENTATIVE
31.1,25,13249.6,1870.84,2474.72,-80.9857,-11.4351,-15.1262,TENTATIVE
31.1,26,662.317,6852.1,818.434,-12.1934,-126.149,-15.0675,TENTATIVE
31.1,27,2441.44,6957.25,464.14,33.7515,96.1801,6.41648,TENTATIVE
31.1,28,2738.02,213.948,2450.02,-15.4125,-1.20433,-13.7913,TENTATIVE
31.1,29,-5474.64,12560.8,1922.77,25.5043,-58.5161,-8.95745,TENTATIVE
31.1,30,-783.465,7913.59,657.15,3.9843,-40.2444,-3.34192,TENTATIVE
31.3,1,3144.87,5015.22,3011.83,99.4543,-0.607978,-0.242307,CONFIRMED
31.3,3,3146.35,4884.34,3008.78,99.8809,-99.6806,-0.268984,CONFIRMED
31.3,10,3014.42,5144.81,3005.87,0.48619,101.338,-0.69042,CONFIRMED
31.3,24,-1899.13,6820.3,2888.91,41.3167,-148.379,-62.8499,TENTATIVE
31.3,25,13233.4,1868.55,2471.69,-80.9857,-11.4351,-15.1262,TENTATIVE
31.3,26,659.878,6826.87,815.421,-12.1934,-126.149,-15.0675,TENTATIVE
31.3,27,2448.19,6976.48,465.423,33.7515,96.1801,6.41648,TENTATIVE
31.3,28,2734.94,213.707,2447.26,-15.4125,-1.20433,-13.7913,TENTATIVE
31.3,29,-5469.53,12549.1,1920.98,25.5043,-58.5161,-8.95745,TENTATIVE
31.3,30,-782.668,7905.54,656.481,3.9843,-40.2444,-3.34192,TENTATIVE
31.5,1,3165.43,5015.75,3009.98,99.7405,-0.32317,-1.02647,CONFIRMED
31.5,3,3165.91,4864.81,3008.52,99.6719,-99.48,-0.363203,CONFIRMED
31.5,10,3014.22,5164.77,3006.55,0.351312,101.204,-0.321939,CONFIRMED
31.5,24,-1890.87,6790.63,2876.34,41.3167,-148.379,-62.8499,TENTATIVE
31.5,25,13217.2,1866.26,2468.67,-80.9857,-11.4351,-15.1262,TENTATIVE
31.5,26,657.439,6801.64,812.407,-12.1934,-126.149,-15.0675,TENTATIVE
31.5,27,2454.94,6995.72,466.707,33.7515,96.1801,6.41648,TENTATIVE
31.5,28,2731.85,213.467,2444.5,-15.4125,-1.20433,-13.7913,TENTATIVE
31.5,29,-5464.43,12537.4,1919.19,25.5043,-58.5161,-8.95745,TENTATIVE
31.5,30,-781.871,7897.49,655.813,3.9843,-40.2444,-3.34192,TENTATIVE
31.6,1,3175.98,5014.79,3010.82,100.013,-0.747384,-0.612902,CONFIRMED
31.6,3,3176.17,4854.47,3008.81,99.8216,-99.6713,-0.219217,CONFIRMED
31.6,10,3014.26,5174.89,3006.51,0.351312,101.204,-0.321939,CONFIRMED
31.6,24,-1886.74,6775.79,2870.06,41.3167,-148.379,-62.8499,TENTATIVE
31.6,25,13209.1,1865.12,2467.15,-80.9857,-11.4351,-15.1262,TENTATIVE
31.6,26,656.22,6789.02,810.9,-12.1934,-126.149,-15.0675,TENTATIVE
31.6,27,2458.31,7005.34,467.348,33.7515,96.1801,6.41648,TENTATIVE
31.6,28,2730.31,213.346,2443.12,-15.4125,-1.20433,-13.7913,TENTATIVE
31.6,29,-5461.88,12531.6,1918.29,25.5043,-58.5161,-8.95745,TENTATIVE
31.6,30,-781.472,7893.46,655.479,3.9843,-40.2444,-3.34192,TENTATIVE
31.8,1,3196.61,5014.34,3010.54,100.295,-0.889318,-0.679301,CONFIRMED
31.8,3,3196.86,4833.49,3009.66,100.205,-100.203,0.217704,CONFIRMED
31.8,10,3014.67,5195.21,3005.97,0.519895,101.229,-0.534883,CONFIRMED
31.8,24,-1878.47,6746.11,2857.49,41.3167,-148.379,-62.8499,TENTATIVE
31.8,25,13192.9,1862.83,2464.13,-80.9857,-11.4351,-15.1262,TENTATIVE
31.8,26,653.781,6763.79,807.887,-12.1934,-126.149,-15.0675,TENTATIVE
31.8,27,2465.06,7024.57,468.632,33.7515,96.1801,6.41648,TENTATIVE
31.8,28,2727.23,213.105,2440.37,-15.4125,-1.20433,-13.7913,TENTATIVE
31.8,29,-5456.78,12519.9,1916.5,25.5043,-58.5161,-8.95745,TENTATIVE
31.8,30,-780.676,7885.41,654.81,3.9843,-40.2444,-3.34192,TENTATIVE
32,1,3217.28,5013.62,3010.64,100.574,-1.12304,-0.589432,CONFIRMED
32,3,3213.63,4809.21,3005.71,99.078,-101.374,-1.20607,CONFIRMED
32,10,3016,5214.7,3005.94,1.08464,100.882,-0.496886,CONFIRMED
32,24,-1870.21,6716.44,2844.92,41.3167,-148.379,-62.8499,TENTATIVE
32,25,13176.7,1860.55,2461.1,-80.9857,-11.4351,-15.1262,TENTATIVE
32,26,651.343,6738.56,804.873,-12.1934,-126.149,-15.0675,TENTATIVE
32,27,2471.82,7043.81,469.915,33.7515,96.1801,6.41648,TENTATIVE
32,28,2724.15,212.864,2437.61,-15.4125,-1.20433,-13.7913,TENTATIVE
32,29,-5451.68,12508.1,1914.71,25.5043,-58.5161,-8.95745,TENTATIVE
32,30,-779.879,7877.37,654.142,3.9843,-40.2444,-3.34192,TENTATIVE
32.1,1,3224.89,5011.22,3008.89,99.7674,-1.61474,-1.02958,CONFIRMED
32.1,3,3224.13,4798.46,3005.91,99.3705,-101.692,-1.04101,CONFIRMED
32.1,10,3014.46,5221.47,3005.07,0.556998,99.7174,-0.662755,CONFIRMED
32.1,24,-1866.08,6701.6,2838.63,41.3167,-148.379,-62.8499,TENTATIVE
32.1,25,13168.6,1859.4,2459.59,-80.9857,-11.4351,-15.1262,TENTATIVE
32.1,26,650.123,6725.95,803.367,-12.1934,-126.149,-15.0675,TENTATIVE
32.1,27,2475.19,7053.43,470.557,33.7515,96.1801,6.41648,TENTATIVE
32.1,28,2722.61,212.744,2436.23,-15.4125,-1.20433,-13.7913,TENTATIVE
32.1,29,-5449.13,12502.3,1913.81,25.5043,-58.5161,-8.95745,TENTATIVE
32.1,30,-779.48,7873.34,653.808,3.9843,-40.2444,-3.34192,TENTATIVE
32.2,1,3234.54,5011.96,3007.65,99.5995,-1.19799,-1.53665,CONFIRMED
32.2,3,3234.07,4788.29,3005.8,99.3705,-101.692,-1.04101,CONFIRMED
32.2,10,3013.6,5231.6,3005.65,0.136998,99.7963,-0.38154,CONFIRMED
32.2,24,-1861.95,6686.76,2832.35,41.3167,-148.379,-62.8499,TENTATIVE
32.2,25,13160.5,1858.26,2458.08,-80.9857,-11.4351,-15.1262,TENTATIVE
32.2,26,648.904,6713.34,801.86,-12.1934,-126.149,-15.0675,TENTATIVE
32.2,27,2478.57,7063.05,471.198,33.7515,96.1801,6.41648,TENTATIVE
32.2,28,2721.07,212.623,2434.85,-15.4125,-1.20433,-13.7913,TENTATIVE
32.2,29,-5446.58,12496.4,1912.92,25.5043,-58.5161,-8.95745,TENTATIVE
32.2,30,-779.082,7869.32,653.473,3.9843,-40.2444,-3.34192,TENTATIVE
32.4,1,3254.46,5011.72,3007.34,99.5995,-1.19799,-1.53665,CONFIRMED
32.4,3,3253.36,4768.07,3006.05,99.065,-101.616,-0.820939,CONFIRMED
32.4,10,3013.21,5251.98,3005.25,-0.0565494,99.9849,-0.523369,CONFIRMED
32.4,24,-1853.68,6657.08,2819.78,41.3167,-148.379,-62.8499,TENTATIVE
32.4,25,13144.3,1855.97,2455.05,-80.9857,-11.4351,-15.1262,TENTATIVE
32.4,26,646.465,6688.11,798.846,-12.1934,-126.149,-15.0675,TENTATIVE
32.4,27,2485.32,7082.28,472.482,33.7515,96.1801,6.41648,TENTATIVE
32.4,28,2717.98,212.383,2432.09,-15.4125,-1.20433,-13.7913,TENTATIVE
32.4,29,-5441.48,12484.7,1911.12,25.5043,-58.5161,-8.95745,TENTATIVE
32.4,30,-778.285,7861.27,652.805,3.9843,-40.2444,-3.34192,TENTATIVE
32.5,1,3264.55,5011.08,3007.91,99.666,-1.43152,-1.22141,CONFIRMED
32.5,3,3263.27,4757.91,3005.96,99.065,-101.616,-0.820939,CONFIRMED
32.5,10,3013.07,5261.3,3006.53,-0.109094,99.6866,0.0610075,CONFIRMED
32.5,24,-1849.55,6642.25,2813.49,41.3167,-148.379,-62.8499,TENTATIVE
32.5,25,13136.2,1854.83,2453.54,-80.9857,-11.4351,-15.1262,TENTATIVE
32.5,26,645.246,6675.49,797.34,-12.1934,-126.149,-15.0675,TENTATIVE
32.5,27,2488.69,7091.9,473.123,33.7515,96.1801,6.41648,TENTATIVE
32.5,28,2716.44,212.262,2430.71,-15.4125,-1.20433,-13.7913,TENTATIVE
32.5,29,-5438.93,12478.9,1910.23,25.5043,-58.5161,-8.95745,TENTATIVE
32.5,30,-777.887,7857.24,652.471,3.9843,-40.2444,-3.34192,TENTATIVE
32.6,1,3274.22,5011.32,3007.47,99.5261,-1.25734,-1.35613,CONFIRMED
32.6,3,3272.47,4747.79,3006.58,98.7123,-101.577,-0.490981,CONFIRMED
32.6,10,3013.06,5271.27,3006.54,-0.109094,99.6866,0.0610075,CONFIRMED
32.6,24,-1845.42,6627.41,2807.21,41.3167,-148.379,-62.8499,TENTATIVE
32.6,25,13128.1,1853.69,2452.03,-80.9857,-11.4351,-15.1262,TENTATIVE
32.6,26,644.027,6662.88,795.833,-12.1934,-126.149,-15.0675,TENTATIVE
32.6,27,2492.07,7101.52,473.765,33.7515,96.1801,6.41648,TENTATIVE
32.6,28,2714.9,212.142,2429.33,-15.4125,-1.20433,-13.7913,TENTATIVE
32.6,29,-5436.38,12473,1909.33,25.5043,-58.5161,-8.95745,TENTATIVE
32.6,30,-777.488,7853.22,652.137,3.9843,-40.2444,-3.34192,TENTATIVE
32.7,1,3284.54,5010.3,3008.43,99.701,-1.65938,-0.880321,CONFIRMED
32.7,3,3282.48,4737.76,3006.18,98.7814,-101.514,-0.665876,CONFIRMED
32.7,10,3012.88,5281.66,3005.96,-0.187074,99.874,-0.194156,CONFIRMED
32.7,24,-1841.29,6612.57,2800.92,41.3167,-148.379,-62.8499,TENTATIVE
32.7,25,13120,1852.54,2450.51,-80.9857,-11.4351,-15.1262,TENTATIVE
32.7,26,642.807,6650.26,794.326,-12.1934,-126.149,-15.0675,TENTATIVE
32.7,27,2495.44,7111.14,474.407,33.7515,96.1801,6.41648,TENTATIVE
32.7,28,2713.36,212.021,2427.95,-15.4125,-1.20433,-13.7913,TENTATIVE
32.7,29,-5433.83,12467.2,1908.44,25.5043,-58.5161,-8.95745,TENTATIVE
32.7,30,-777.09,7849.19,651.802,3.9843,-40.2444,-3.34192,TENTATIVE
32.9,1,3304.97,5009.78,3008.02,99.9151,-1.74609,-0.973525,CONFIRMED
32.9,3,3301.46,4717.77,3006.41,98.3949,-101.354,-0.489444,CONFIRMED
32.9,10,3011.97,5301.71,3006.67,-0.561285,99.9083,0.120881,CONFIRMED
32.9,24,-1833.02,6582.9,2788.35,41.3167,-148.379,-62.8499,TENTATIVE
32.9,25,13103.8,1850.25,2447.49,-80.9857,-11.4351,-15.1262,TENTATIVE
32.9,26,640.369,6625.03,791.313,-12.1934,-126.149,-15.0675,TENTATIVE
32.9,27,2502.19,7130.37,475.69,33.7515,96.1801,6.41648,TENTATIVE
32.9,28,2710.28,211.78,2425.2,-15.4125,-1.20433,-13.7913,TENTATIVE
32.9,29,-5428.73,12455.5,1906.65,25.5043,-58.5161,-8.95745,TENTATIVE
32.9,30,-776.293,7841.15,651.134,3.9843,-40.2444,-3.34192,TENTATIVE
33,1,3315.1,5009.33,3008.24,99.9763,-1.86986,-0.835184,CONFIRMED
33,3,3311.42,4707.05,3007.15,98.4598,-101.637,-0.117554,CONFIRMED
33,10,3012.6,5311.36,3006.59,-0.252965,99.7572,0.079702,CONFIRMED
33,24,-1828.89,6568.06,2782.07,41.3167,-148.379,-62.8499,TENTATIVE
33,25,13095.7,1849.11,2445.98,-80.9857,-11.4351,-15.1262,TENTATIVE
33,26,639.149,6612.42,789.806,-12.1934,-126.149,-15.0675,TENTATIVE
33,27,2505.57,7139.99,476.331,33.7515,96.1801,6.41648,TENTATIVE
33,28,2708.74,211.66,2423.82,-15.4125,-1.20433,-13.7913,TENTATIVE
33,29,-5426.18,12449.6,1905.75,25.5043,-58.5161,-8.95745,TENTATIVE
33,30,-775.894,7837.12,650.8,3.9843,-40.2444,-3.34192,TENTATIVE
33,31,-306.426,1740.85,1288.63,-23.7973,135.196,100.076,TENTATIVE
33.1,1,3325.71,5009.95,3008.58,101.716,0.693318,0.677647,CONFIRMED
33.1,3,3320.83,4696.07,3006.2,97.9185,-102.509,-0.871691,CONFIRMED
33.1,10,3012.31,5321.24,3006,-0.980397,98.6317,-0.788433,CONFIRMED
33.1,28,2707.2,211.54,2422.44,-15.4125,-1.20433,-13.7913,TENTATIVE
33.1,29,-5423.63,12443.8,1904.85,25.5043,-58.5161,-8.95745,TENTATIVE
33.1,30,-775.496,7833.1,650.466,3.9843,-40.2444,-3.34192,TENTATIVE
33.1,31,-308.806,1754.37,1298.64,-23.7973,135.196,100.076,TENTATIVE
33.2,1,3337.06,5009.38,3008.39,102.246,0.396736,0.559914,CONFIRMED
33.2,3,3330.96,4686.04,3005.38,98.0909,-102.399,-1.23686,CONFIRMED
33.2,10,3012.9,5330.62,3006.08,-0.665713,98.4199,-0.718558,CONFIRMED
33.2,28,2705.65,211.419,2421.06,-15.4125,-1.20433,-13.7913,TENTATIVE
33.2,29,-5421.08,12437.9,1903.96,25.5043,-58.5161,-8.95745,TENTATIVE
33.2,30,-775.098,7829.07,650.131,3.9843,-40.2444,-3.34192,TENTATIVE
33.2,31,-311.185,1767.89,1308.65,-23.7973,135.196,100.076,TENTATIVE
33.4,1,3357.36,5010.01,3007.75,102.182,0.62924,0.246158,CONFIRMED
33.4,3,3350.73,4665.44,3005.14,98.1795,-102.467,-1.23385,CONFIRMED
33.4,10,3012.77,5350.1,3006.31,-0.658918,98.3262,-0.55552,CONFIRMED
33.4,28,2702.57,211.178,2418.3,-15.4125,-1.20433,-13.7913,TENTATIVE
33.4,29,-5415.98,12426.2,1902.17,25.5043,-58.5161,-8.95745,TENTATIVE
33.4,30,-774.301,7821.02,649.463,3.9843,-40.2444,-3.34192,TENTATIVE
33.4,31,-315.945,1794.93,1328.66,-23.7973,135.196,100.076,TENTATIVE
33.5,1,3366.49,5010.82,3007.76,101.69,0.973079,0.238801,CONFIRMED
33.5,3,3360.55,4655.2,3005.02,98.1795,-102.467,-1.23385,CONFIRMED
33.5,10,3011.84,5360.8,3005.56,-1.06287,98.7126,-0.851133,CONFIRMED
33.5,28,2701.03,211.058,2416.92,-15.4125,-1.20433,-13.7913,TENTATIVE
33.5,29,-5413.43,12420.4,1901.27,25.5043,-58.5161,-8.95745,TENTATIVE
33.5,30,-773.902,7817,649.129,3.9843,-40.2444,-3.34192,TENTATIVE
33.5,31,-318.325,1808.45,1338.67,-23.7973,135.196,100.076,TENTATIVE
33.6,1,3376.49,5011.29,3007.34,101.612,1.14023,0.0489605,CONFIRMED
33.6,3,3370.93,4644.38,3005.14,98.466,-102.758,-1.11527,CONFIRMED
33.6,10,3011.73,5370.68,3005.48,-1.06287,98.7126,-0.851133,CONFIRMED
33.6,28,2699.49,210.937,2415.54,-15.4125,-1.20433,-13.7913,TENTATIVE
33.6,29,-5410.87,12414.5,1900.37,25.5043,-58.5161,-8.95745,TENTATIVE
33.6,30,-773.504,7812.97,648.795,3.9843,-40.2444,-3.34192,TENTATIVE
33.6,31,-320.704,1821.97,1348.68,-23.7973,135.196,100.076,TENTATIVE
33.7,1,3386.09,5011.31,3008.15,101.359,1.10563,0.396292,CONFIRMED
33.7,3,3381.27,4633.61,3005.23,98.7289,-103.017,-1.0184,CONFIRMED
33.7,10,3011.69,5380.77,3004.93,-1.03388,98.8068,-1.05075,CONFIRMED
33.7,28,2697.95,210.817,2414.16,-15.4125,-1.20433,-13.7913,TENTATIVE
33.7,29,-5408.32,12408.7,1899.48,25.5043,-58.5161,-8.95745,TENTATIVE
33.7,30,-773.105,7808.95,648.461,3.9843,-40.2444,-3.34192,TENTATIVE
33.7,31,-323.084,1835.49,1358.69,-23.7973,135.196,100.076,TENTATIVE
33.9,1,3406.98,5011.35,3007.83,101.625,1.01768,0.238714,CONFIRMED
33.9,3,3400.56,4613.05,3005.48,98.5032,-102.991,-0.801746,CONFIRMED
33.9,10,3012.25,5399.89,3005.1,-0.703428,98.5286,-0.878751,CONFIRMED
33.9,28,2694.87,210.576,2411.4,-15.4125,-1.20433,-13.7913,TENTATIVE
33.9,29,-5403.22,12397,1897.69,25.5043,-58.5161,-8.95745,TENTATIVE
33.9,30,-772.309,7800.9,647.792,3.9843,-40.2444,-3.34192,TENTATIVE
33.9,31,-327.844,1862.52,1378.7,-23.7973,135.196,100.076,TENTATIVE
34,1,3416.7,5011.41,3008.43,101.427,1.00388,0.488439,CONFIRMED
34,3,3411.97,4604.45,3007.38,99.5295,-101.889,0.368084,CONFIRMED
34,10,3012.18,5409.74,3005.01,-0.703428,98.5286,-0.878751,CONFIRMED
34,28,2693.32,210.456,2410.03,-15.4125,-1.20433,-13.7913,TENTATIVE
34,29,-5400.67,12391.1,1896.79,25.5043,-58.5161,-8.95745,TENTATIVE
34,30,-771.91,7796.88,647.458,3.9843,-40.2444,-3.34192,TENTATIVE
34,31,-330.223,1876.04,1388.71,-23.7973,135.196,100.076,TENTATIVE
34.1,1,3425.26,5011.06,3007.66,99.6655,-0.713544,-0.789346,CONFIRMED
34.1,3,3421.87,4594.11,3007.72,99.5016,-101.963,0.509899,CONFIRMED
34.1,10,3009.6,5418.15,3004.57,-1.66182,98.2411,-0.838123,CONFIRMED
34.1,31,-332.603,1889.56,1398.72,-23.7973,135.196,100.076,TENTATIVE
34.2,1,3434.72,5011,3008.14,99.4358,-0.698094,-0.542259,CONFIRMED
34.2,3,3431.98,4583.87,3007.65,99.5787,-101.986,0.452442,CONFIRMED
34.2,10,3009.43,5427.98,3004.49,-1.66182,98.2411,-0.838123,CONFIRMED
34.2,31,-334.983,1903.08,1408.73,-23.7973,135.196,100.076,TENTATIVE
34.4,1,3453.86,5011.43,3007.95,99.1101,-0.441991,-0.583115,CONFIRMED
34.4,3,3451.46,4564.26,3007.06,99.3358,-101.564,0.108676,CONFIRMED
34.4,10,3009.99,5447.93,3002.89,-1.26895,98.3554,-1.4441,CONFIRMED
34.4,31,-339.742,1930.12,1428.74,-23.7973,135.196,100.076,TENTATIVE
34.5,1,3463.7,5011.62,3007.6,99.0767,-0.341052,-0.712017,CONFIRMED
34.5,3,3461.39,4554.1,3007.07,99.3358,-101.564,0.108676,CONFIRMED
34.5,10,3009.82,5457.81,3002.69,-1.28672,98.377,-1.46627,CONFIRMED
34.5,31,-342.122,1943.64,1438.75,-23.7973,135.196,100.076,TENTATIVE
34.6,1,3473.29,5011.69,3007.72,98.9348,-0.290472,-0.628867,CONFIRMED
34.6,3,3470.52,4544.49,3007.2,98.931,-101.285,0.167089,CONFIRMED
34.6,10,3010.01,5467.67,3002.19,-1.15049,98.3865,-1.62042,CONFIRMED
34.6,31,-344.502,1957.16,1448.76,-23.7973,135.196,100.076,TENTATIVE
34.7,1,3483.63,5011.34,3007.67,99.138,-0.43762,-0.623007,CONFIRMED
34.7,3,3479.91,4534.64,3007.39,98.6766,-101.136,0.243326,CONFIRMED
34.7,10,3009.89,5477.51,3002.03,-1.15049,98.3865,-1.62042,CONFIRMED
34.7,31,-346.881,1970.68,1458.76,-23.7973,135.196,100.076,TENTATIVE
34.9,1,3503.16,5011.12,3008.1,99.0039,-0.490186,-0.377593,CONFIRMED
34.9,3,3499.97,4514.1,3007.52,98.8345,-101.298,0.300548,CONFIRMED
34.9,10,3009.16,5497.29,3002.01,-1.3686,98.4318,-1.4852,CONFIRMED
34.9,31,-351.641,1997.72,1478.78,-23.7973,135.196,100.076,TENTATIVE
35,1,3512.48,5011.72,3007.66,98.7357,-0.195512,-0.553335,CONFIRMED
35,3,3508.69,4502.42,3006.41,99.1359,-100.883,0.507476,CONFIRMED
35,10,3008.73,5507.09,3002.24,-1.50104,98.4155,-1.32214,CONFIRMED
35,31,-354.021,2011.24,1488.79,-23.7973,135.196,100.076,TENTATIVE
35.1,1,3521.63,5011.22,3007.59,98.6408,-0.0759605,-0.363153,CONFIRMED
35.1,3,3518.87,4493.25,3004.78,99.2558,-100.423,-0.305104,CONFIRMED
35.1,10,3009.96,5520.01,3004.22,0.704966,102.735,1.19658,CONFIRMED
35.1,31,-356.4,2024.76,1498.79,-23.7973,135.196,100.076,TENTATIVE
35.2,1,3532.03,5010.42,3008.23,98.887,-0.430185,-0.0724696,CONFIRMED
35.2,3,3528.8,4483.21,3004.75,99.2558,-100.423,-0.305104,CONFIRMED
35.2,10,3010.31,5530.25,3004.11,0.83354,102.72,1.09581,CONFIRMED
35.2,31,-358.78,2038.28,1508.8,-23.7973,135.196,100.076,TENTATIVE
35.4,1,3552.92,5009.13,3008.9,99.3765,-0.964895,0.223796,CONFIRMED
35.4,3,3548.33,4463.74,3004.16,99.1106,-100.133,-0.550609,CONFIRMED
35.4,10,3009.21,5550.85,3005.5,0.259999,102.753,1.60992,CONFIRMED
35.4,31,-363.54,2065.32,1528.82,-23.7973,135.196,100.076,TENTATIVE
35.5,1,3562.99,5009.13,3008.61,99.4341,-0.925884,0.0887716,CONFIRMED
35.5,3,3559.53,4452.82,3003.91,99.7801,-100.612,-0.658407,CONFIRMED
35.5,10,3009.23,5561.12,3005.66,0.259999,102.753,1.60992,CONFIRMED
35.5,31,-365.919,2078.84,1538.82,-23.7973,135.196,100.076,TENTATIVE
35.6,1,3573.54,5008.77,3008.34,99.7085,-1.05271,-0.0321424,CONFIRMED
35.6,3,3569.51,4442.76,3003.84,99.7801,-100.612,-0.658407,CONFIRMED
35.6,10,3009.05,5571.16,3006.47,0.165587,102.658,1.88279,CONFIRMED
35.6,31,-368.299,2092.36,1548.83,-23.7973,135.196,100.076,TENTATIVE
35.7,1,3583.15,5008.66,3008.76,99.548,-1.04687,0.152383,CONFIRMED
35.7,3,3580.12,4431.83,3004.29,100.106,-101.058,-0.400524,CONFIRMED
35.7,10,3009.07,5581.43,3006.66,0.165587,102.658,1.88279,CONFIRMED
35.7,31,-370.679,2105.88,1558.84,-23.7973,135.196,100.076,TENTATIVE
35.9,1,3604.01,5007.74,3008.85,99.965,-1.36508,0.178751,CONFIRMED
35.9,3,3600.48,4411.58,3003.86,100.273,-101.081,-0.568457,CONFIRMED
35.9,10,3009.3,5601.69,3007.33,0.258569,102.544,2.00315,CONFIRMED
35.9,31,-375.438,2132.92,1578.86,-23.7973,135.196,100.076,TENTATIVE
36,1,3613.13,5008.82,3007.9,99.5597,-0.820195,-0.239838,CONFIRMED
36,3,3612.16,4403.52,3004.78,102.121,-98.8632,0.754093,CONFIRMED
36,10,3009.91,5611.41,3007.96,0.520699,102.306,2.18803,CONFIRMED
36,31,-377.818,2146.44,1588.86,-23.7973,135.196,100.076,TENTATIVE
36.1,1,3627.61,5015.13,3011.41,103.951,5.21761,3.25123,CONFIRMED
36.1,3,3621.32,4394.08,3005.48,101.59,-98.6186,1.07011,CONFIRMED
36.1,10,3008.91,5618.49,3005.76,-1.18406,98.5607,-0.109966,CONFIRMED
36.2,1,3637.29,5016.58,3011.04,103.627,5.63788,2.95655,CONFIRMED
36.2,3,3630.95,4384.18,3006.29,101.316,-98.6281,1.42597,CONFIRMED
36.2,10,3008.84,5628.82,3004.8,-1.1669,98.7623,-0.514217,CONFIRMED
36.4,1,3658.06,5017.95,3011.18,103.644,5.74249,2.76057,CONFIRMED
36.4,3,3650.95,4364.8,3006.4,101.165,-98.4322,1.33287,CONFIRMED
36.4,10,3009.12,5648.44,3004.44,-0.9423,98.6995,-0.61903,CONFIRMED
36.5,1,3668,5019.12,3010.98,103.451,6.00869,2.55779,CONFIRMED
36.5,3,3660.81,4355.1,3006.64,101.029,-98.3545,1.39111,CONFIRMED
36.5,10,3008.37,5658.42,3004.81,-1.23184,98.7531,-0.431613,CONFIRMED
36.6,1,3678.59,5020.38,3009.85,103.552,6.29093,1.9622,CONFIRMED
36.6,3,3671.17,4345.4,3006.27,101.161,-98.2865,1.13024,CONFIRMED
36.6,10,3008.25,5668.29,3004.77,-1.23184,98.7531,-0.431613,CONFIRMED
36.7,1,3688.46,5021.65,3009.56,103.331,6.57874,1.75746,CONFIRMED
36.7,3,3681.62,4335.44,3006.17,101.335,-98.3629,1.02359,CONFIRMED
36.7,10,3009.49,5677.75,3004.16,-0.629254,98.5629,-0.671657,CONFIRMED
36.9,1,3708.22,5023.85,3009.55,102.933,6.96858,1.60159,CONFIRMED
36.9,3,3701.91,4315.81,3006.27,101.351,-98.3402,0.972539,CONFIRMED
36.9,10,3009.74,5698.21,3002.23,-0.475172,98.8759,-1.42339,CONFIRMED
37,1,3717.94,5025.05,3009.59,102.676,7.19064,1.55121,CONFIRMED
37,3,3712.93,4305.02,3006.66,101.797,-98.8265,1.11482,CONFIRMED
37,10,3009.03,5707.11,3001.25,-0.238407,99.4371,-1.26224,CONFIRMED
37.1,1,3730.44,5029.47,3011.94,105.251,10.9207,3.7698,CONFIRMED
37.1,3,3720.04,4292.27,3004.82,99.903,-100.58,-0.12217,CONFIRMED
37.1,10,3008.84,5716.57,3002.22,-0.302838,99.235,-0.801475,CONFIRMED
37.1,32,7544.52,9311.39,5656.48,66.4896,82.0609,49.8503,TENTATIVE
37.1,33,3639.05,3446.94,1297.41,-96.8686,-91.7547,-34.5361,TENTATIVE
37.2,1,3740.6,5030.76,3012.43,105.089,11.0148,3.82092,CONFIRMED
37.2,3,3729.97,4282.49,3004.5,99.8682,-100.44,-0.272063,CONFIRMED
37.2,10,3008.88,5726.33,3002.37,-0.271645,99.1686,-0.702855,CONFIRMED
37.2,32,7551.17,9319.6,5661.46,66.4896,82.0609,49.8503,TENTATIVE
37.2,33,3629.37,3437.76,1293.96,-96.8686,-91.7547,-34.5361,TENTATIVE
37.4,1,3761.34,5033.8,3012.17,104.952,11.3755,3.39341,CONFIRMED
37.4,3,3749.07,4263.12,3004.52,99.4267,-100.062,-0.234074,CONFIRMED
37.4,10,3007.81,5746.77,3002.1,-0.707038,99.4177,-0.752769,CONFIRMED
37.4,32,7564.47,9336.01,5671.43,66.4896,82.0609,49.8503,TENTATIVE
37.4,33,3609.99,3419.41,1287.05,-96.8686,-91.7547,-34.5361,TENTATIVE
37.5,1,3771.47,5035.09,3012.71,104.789,11.449,3.47907,CONFIRMED
37.5,3,3759.01,4253.12,3004.5,99.4267,-100.062,-0.234074,CONFIRMED
37.5,10,3008.29,5755.85,3003.13,-0.460911,99.0437,-0.270519,CONFIRMED
37.5,32,7571.12,9344.22,5676.42,66.4896,82.0609,49.8503,TENTATIVE
37.5,33,3600.3,3410.24,1283.6,-96.8686,-91.7547,-34.5361,TENTATIVE
37.6,1,3781.59,5036.86,3012.46,104.628,11.7232,3.22679,CONFIRMED
37.6,3,3768.94,4242.52,3005.33,99.431,-100.369,0.189029,CONFIRMED
37.6,10,3008.24,5765.75,3003.11,-0.460911,99.0437,-0.270519,CONFIRMED
37.6,32,7577.77,9352.42,5681.4,66.4896,82.0609,49.8503,TENTATIVE
37.6,33,3590.62,3401.06,1280.15,-96.8686,-91.7547,-34.5361,TENTATIVE
37.7,1,3791.56,5038.51,3012.6,104.405,11.9384,3.15181,CONFIRMED
37.7,3,3778.49,4232.76,3005.45,99.223,-100.218,0.242674,CONFIRMED
37.7,10,3007.91,5775.54,3003.59,-0.58274,98.9983,-0.0597837,CONFIRMED
37.7,32,7584.42,9360.63,5686.39,66.4896,82.0609,49.8503,TENTATIVE
37.7,33,3580.93,3391.89,1276.69,-96.8686,-91.7547,-34.5361,TENTATIVE
37.9,1,3811.29,5041.18,3014.21,103.92,12.0701,3.55218,CONFIRMED
37.9,3,3797.52,4213.22,3005.83,98.7973,-99.9515,0.411141,CONFIRMED
37.9,10,3008.56,5794.98,3003.51,-0.250117,98.8315,-0.0692223,CONFIRMED
37.9,32,7597.72,9377.04,5696.36,66.4896,82.0609,49.8503,TENTATIVE
37.9,33,3561.56,3373.54,1269.78,-96.8686,-91.7547,-34.5361,TENTATIVE
38,1,3820.5,5043.43,3014.33,103.387,12.5377,3.44967,CONFIRMED
38,3,3807.4,4203.22,3005.87,98.7973,-99.9515,0.411141,CONFIRMED
38,10,3008.84,5805.49,3001.97,-0.122272,99.1004,-0.720365,CONFIRMED
38,32,7604.36,9385.25,5701.34,66.4896,82.0609,49.8503,TENTATIVE
38,33,3551.87,3364.36,1266.33,-96.8686,-91.7547,-34.5361,TENTATIVE
38.1,1,3832.39,5047.91,3015.02,104.659,14.7048,4.06163,CONFIRMED
38.1,3,3817.7,4193.43,3006.08,98.87,-100.017,0.396274,CONFIRMED
38.1,10,3009.72,5817.24,3002.64,0.694472,100.747,0.0352846,CONFIRMED
38.1,32,7611.01,9393.45,5706.33,66.4896,82.0609,49.8503,TENTATIVE
38.1,33,3542.18,3355.18,1262.88,-96.8686,-91.7547,-34.5361,TENTATIVE
38.2,1,3842.29,5050.06,3015.02,104.404,15.0059,3.8927,CONFIRMED
38.2,3,3827.58,4183.43,3006.12,98.87,-100.017,0.396274,CONFIRMED
38.2,10,3009.75,5827.05,3003.2,0.683328,100.634,0.271428,CONFIRMED
38.2,32,7617.66,9401.66,5711.31,66.4896,82.0609,49.8503,TENTATIVE
38.2,33,3532.5,3346.01,1259.42,-96.8686,-91.7547,-34.5361,TENTATIVE
38.4,1,3861.62,5054.87,3014.77,103.716,15.7994,3.46655,CONFIRMED
38.4,3,3848.62,4162.94,3005.23,99.4878,-100.274,-0.064626,CONFIRMED
38.4,10,3009.1,5847.13,3004.13,0.328418,100.632,0.632516,CONFIRMED
38.4,32,7630.96,9418.07,5721.28,66.4896,82.0609,49.8503,TENTATIVE
38.4,33,3513.12,3327.66,1252.52,-96.8686,-91.7547,-34.5361,TENTATIVE
38.5,1,3870.58,5057.61,3015,103.082,16.3235,3.42,CONFIRMED
38.5,3,3858.48,4153.23,3004.91,99.4472,-100.114,-0.227627,CONFIRMED
38.5,10,3009.13,5857.2,3004.19,0.328418,100.632,0.632516,CONFIRMED
38.5,32,7637.61,9426.28,5726.27,66.4896,82.0609,49.8503,TENTATIVE
38.5,33,3503.44,3318.48,1249.06,-96.8686,-91.7547,-34.5361,TENTATIVE
38.6,1,3880.4,5060.06,3014.59,102.859,16.6892,3.09908,CONFIRMED
38.6,3,3867.93,4144.23,3004.14,99.177,-99.5782,-0.604968,CONFIRMED
38.6,10,3009.21,5866.94,3004.83,0.351727,100.499,0.87338,CONFIRMED
38.6,32,7644.26,9434.48,5731.25,66.4896,82.0609,49.8503,TENTATIVE
38.6,33,3493.75,3309.31,1245.61,-96.8686,-91.7547,-34.5361,TENTATIVE
38.7,1,3889.71,5062.7,3014.55,102.416,17.1223,2.95208,CONFIRMED
38.7,3,3876.91,4135.08,3004.19,98.6779,-99.1428,-0.547818,CONFIRMED
38.7,10,3009.2,5877.82,3003.34,0.324252,100.846,0.213617,CONFIRMED
38.7,32,7650.91,9442.69,5736.24,66.4896,82.0609,49.8503,TENTATIVE
38.7,33,3484.06,3300.13,1242.16,-96.8686,-91.7547,-34.5361,TENTATIVE
38.9,1,3908.65,5067.24,3015.27,101.74,17.6173,3.00693,CONFIRMED
38.9,3,3897.06,4114.75,3004.23,98.8907,-99.4045,-0.468146,CONFIRMED
38.9,10,3010.18,5897.23,3003.95,0.727799,100.525,0.443892,CONFIRMED
38.9,32,7664.2,9459.1,5746.21,66.4896,82.0609,49.8503,TENTATIVE
38.9,33,3464.69,3281.78,1235.25,-96.8686,-91.7547,-34.5361,TENTATIVE
39,1,3917.95,5070.51,3014.15,101.343,18.2883,2.39996,CONFIRMED
39,3,3906.95,4104.81,3004.18,98.8907,-99.4045,-0.468146,CONFIRMED
39,10,3009.53,5907.27,3004.75,0.41269,100.524,0.761836,CONFIRMED
39,32,7670.85,9467.31,5751.19,66.4896,82.0609,49.8503,TENTATIVE
39,33,3455,3272.61,1231.79,-96.8686,-91.7547,-34.5361,TENTATIVE
39.1,1,3928.73,5073.8,3013.45,103.058,20.7815,3.10186,CONFIRMED
39.1,3,3919.42,4098.23,3005.46,99.7798,-98.2088,-0.119217,CONFIRMED
39.1,10,3008.92,5916.62,3004.36,-0.547483,98.8874,-0.11449,CONFIRMED
39.1,32,7677.5,9475.51,5756.18,66.4896,82.0609,49.8503,TENTATIVE
39.1,33,3445.31,3263.43,1228.34,-96.8686,-91.7547,-34.5361,TENTATIVE
39.1,34,733.696,269.555,628.999,-145.896,-53.6013,-125.077,TENTATIVE
39.2,1,3938.11,5076.76,3013.52,102.64,21.1752,3.00131,CONFIRMED
39.2,3,3929.4,4088.4,3005.45,99.7798,-98.2088,-0.119217,CONFIRMED
39.2,10,3007.28,5927.05,3004.84,-1.24452,99.1291,0.0957684,CONFIRMED
39.2,32,7684.15,9483.72,5761.16,66.4896,82.0609,49.8503,TENTATIVE
39.2,33,3435.63,3254.25,1224.89,-96.8686,-91.7547,-34.5361,TENTATIVE
39.2,34,719.107,264.195,616.491,-145.896,-53.6013,-125.077,TENTATIVE
39.4,1,3955.74,5083.42,3013.85,101.377,22.2431,2.90109,CONFIRMED
39.4,3,3949.61,4067.87,3006.29,99.9298,-98.6377,0.2478,CONFIRMED
39.4,10,3007.5,5947.06,3004.04,-1.04648,99.2009,-0.247699,CONFIRMED
39.4,32,7697.45,9500.13,5771.13,66.4896,82.0609,49.8503,TENTATIVE
39.4,33,3416.25,3235.9,1217.98,-96.8686,-91.7547,-34.5361,TENTATIVE
39.4,34,689.927,253.475,591.476,-145.896,-53.6013,-125.077,TENTATIVE
39.5,1,3965.41,5086.51,3013.3,101.162,22.6261,2.54219,CONFIRMED
39.5,3,3959.51,4057.69,3006.86,99.8897,-98.8039,0.522321,CONFIRMED
39.5,10,3007.02,5957.17,3004.02,-1.20857,99.2804,-0.24527,CONFIRMED
39.5,32,7704.1,9508.34,5776.12,66.4896,82.0609,49.8503,TENTATIVE
39.5,33,3406.57,3226.73,1214.53,-96.8686,-91.7547,-34.5361,TENTATIVE
39.5,34,675.338,248.115,578.968,-145.896,-53.6013,-125.077,TENTATIVE
39.6,1,3974.6,5089.71,3013.2,100.748,23.0446,2.39156,CONFIRMED
39.6,3,3969.5,4047.81,3006.91,99.8897,-98.8039,0.522321,CONFIRMED
39.6,10,3007.39,5966.52,3004.66,-0.984035,99.0235,0.0464613,CONFIRMED
39.6,32,7710.75,9516.54,5781.1,66.4896,82.0609,49.8503,TENTATIVE
39.6,33,3396.88,3217.55,1211.07,-96.8686,-91.7547,-34.5361,TENTATIVE
39.6,34,660.748,242.755,566.46,-145.896,-53.6013,-125.077,TENTATIVE
39.7,1,3984.06,5092.81,3012.9,100.472,23.3994,2.16288,CONFIRMED
39.7,3,3979.87,4037.37,3007.2,100.095,-99.0923,0.631775,CONFIRMED
39.7,10,3007.29,5976.42,3004.66,-0.984035,99.0235,0.0464613,CONFIRMED
39.7,32,7717.4,9524.75,5786.09,66.4896,82.0609,49.8503,TENTATIVE
39.7,33,3387.19,3208.38,1207.62,-96.8686,-91.7547,-34.5361,TENTATIVE
39.7,34,646.159,237.394,553.952,-145.896,-53.6013,-125.077,TENTATIVE
39.9,1,4001.13,5099.77,3013.51,99.1436,24.4022,2.24948,CONFIRMED
39.9,3,4000.34,4017.45,3006.87,100.316,-99.1485,0.411427,CONFIRMED
39.9,10,3007.64,5996.38,3003.81,-0.749686,99.0834,-0.308903,CONFIRMED
39.9,32,7730.69,9541.16,5796.06,66.4896,82.0609,49.8503,TENTATIVE
39.9,33,3367.82,3190.03,1200.71,-96.8686,-91.7547,-34.5361,TENTATIVE
39.9,34,616.979,226.674,528.937,-145.896,-53.6013,-125.077,TENTATIVE
40,1,4009.75,5103.79,3012.79,98.562,25.0998,1.84937,CONFIRMED
40,3,4010.62,4007.12,3007.13,100.444,-99.3569,0.516612,CONFIRMED
40,10,3008.4,6006.02,3003.47,-0.38834,98.9651,-0.433351,CONFIRMED
40,32,7737.34,9549.37,5801.04,66.4896,82.0609,49.8503,TENTATIVE
40,33,3358.13,3180.85,1197.26,-96.8686,-91.7547,-34.5361,TENTATIVE
40,34,602.39,221.314,516.429,-145.896,-53.6013,-125.077,TENTATIVE
40.1,1,4019.82,5108.48,3013.78,100.655,28.6074,3.70234,CONFIRMED
40.1,3,4021.67,3997.82,3008.37,99.065,-100.963,-0.33064,CONFIRMED
40.1,10,3008.12,6016.72,3002.32,-1.01292,98.2705,-1.4081,CONFIRMED
40.1,34,587.8,215.954,503.922,-145.896,-53.6013,-125.077,TENTATIVE
40.1,35,-1965.53,6749.99,5537.3,43.5099,-149.421,-122.576,TENTATIVE
40.1,36,4001.92,702.479,3039.37,59.7972,10.4965,45.4147,TENTATIVE
40.1,37,4017.05,598.775,3033.03,62.8664,9.37078,47.4667,TENTATIVE
40.2,1,4028.74,5112.76,3013.29,100.141,29.2373,3.33849,CONFIRMED
40.2,3,4031.1,3988.2,3008.34,98.8312,-100.717,-0.324529,CONFIRMED
40.2,10,3008.09,6026.13,3002.95,-0.979968,98.0991,-1.08843,CONFIRMED
40.2,34,573.21,210.594,491.414,-145.896,-53.6013,-125.077,TENTATIVE
40.2,35,-1961.18,6735.05,5525.05,43.5099,-149.421,-122.576,TENTATIVE
40.2,36,4021.78,680.193,3030.94,76.0484,-16.8761,30.2005,TENTATIVE
40.2,37,4027.66,593.022,3033.37,66.4753,3.79298,43.7882,TENTATIVE
40.4,1,4046.41,5121,3013.09,99.1112,30.2794,2.9807,CONFIRMED
40.4,3,4051.34,3967.75,3008.06,99.063,-100.884,-0.428197,CONFIRMED
40.4,10,3007.17,6045.99,3002.98,-1.28122,98.1989,-0.991388,CONFIRMED
40.4,34,544.031,199.873,466.399,-145.896,-53.6013,-125.077,TENTATIVE
40.4,35,-1952.47,6705.17,5500.53,43.5099,-149.421,-122.576,TENTATIVE
40.4,36,4047.16,665.101,3025.92,94.2301,-38.7745,10.7337,TENTATIVE
40.4,37,4048.71,586.297,3033.26,77.7982,-7.58081,30.9346,TENTATIVE
40.5,1,4055.06,5125.39,3012.77,98.5471,30.8867,2.72135,CONFIRMED
40.5,3,4061.46,3957.6,3007.79,99.1685,-100.914,-0.534423,CONFIRMED
40.5,10,3007.02,6055.79,3002.94,-1.28997,98.1914,-0.96724,CONFIRMED
40.5,34,529.442,194.513,453.891,-145.896,-53.6013,-125.077,TENTATIVE
40.5,35,-1948.12,6690.23,5488.27,43.5099,-149.421,-122.576,TENTATIVE
40.5,36,4061.18,658.258,3021.35,102.643,-44.6498,0.608452,TENTATIVE
40.5,37,4058.42,585.143,3033.84,80.9035,-8.28999,26.9141,TENTATIVE
40.6,1,4063.6,5129.78,3012.6,97.9635,31.4659,2.53578,CONFIRMED
40.6,3,4072.48,3946.85,3007.11,99.7197,-101.262,-0.840553,CONFIRMED
40.6,10,3007.4,6065.41,3002.74,-1.07039,98.1048,-1.00991,CONFIRMED
40.6,34,514.852,189.153,441.383,-145.896,-53.6013,-125.077,TENTATIVE
40.6,35,-1943.77,6675.28,5476.01,43.5099,-149.421,-122.576,TENTATIVE
40.6,36,4073.84,655.289,3017.8,106.628,-42.0185,-5.38853,TENTATIVE
40.6,37,4070.87,583.446,3030.82,87.5888,-9.76951,18.214,TENTATIVE
40.7,1,4072.12,5134.79,3011.43,97.3878,32.2828,1.93299,CONFIRMED
40.7,3,4083.34,3935.53,3007.38,100.171,-101.868,-0.674074,CONFIRMED
40.7,10,3007.72,6074.72,3003.23,-0.886253,97.8952,-0.76552,CONFIRMED
40.7,34,500.262,183.793,428.875,-145.896,-53.6013,-125.077,TENTATIVE
40.7,35,-1939.42,6660.34,5463.76,43.5099,-149.421,-122.576,TENTATIVE
40.7,36,4085.45,653.275,3015.51,108.031,-38.455,-8.06242,TENTATIVE
40.7,37,4083.23,580.496,3028.11,92.777,-12.8131,11.7535,TENTATIVE
40.9,1,4089.09,5144,3010.54,96.2992,33.4687,1.40338,CONFIRMED
40.9,3,4102.75,3916.21,3006.72,99.8552,-101.351,-0.910964,CONFIRMED
40.9,10,3007.33,6094.79,3002.28,-0.966156,98.0939,-1.09185,CONFIRMED
40.9,34,471.083,173.073,403.86,-145.896,-53.6013,-125.077,TENTATIVE
40.9,35,-1930.72,6630.46,5439.24,43.5099,-149.421,-122.576,TENTATIVE
40.9,36,4107.3,647.635,3013.14,108.307,-35.7884,-8.99416,TENTATIVE
40.9,37,4107.73,577.295,3022.26,100.129,-13.5716,1.69976,TENTATIVE
41,1,4097.27,5148.66,3010.4,95.6566,34.0532,1.28652,CONFIRMED
41,3,4112.25,3906.48,3006.76,99.6107,-101.142,-0.84821,CONFIRMED
41,10,3007.93,6104.61,3001.45,-0.671827,98.0935,-1.38626,CONFIRMED
41,34,456.494,167.713,391.352,-145.896,-53.6013,-125.077,TENTATIVE
41,35,-1926.37,6615.52,5426.98,43.5099,-149.421,-122.576,TENTATIVE
41,36,4119.47,650.311,3009.11,109.733,-28.1148,-12.5503,TENTATIVE
41,37,4117.74,575.938,3022.43,100.129,-13.5716,1.69976,TENTATIVE
41.1,1,4109.94,5157.47,3012.54,97.1942,36.5939,2.2716,CONFIRMED
41.1,3,4122.53,3896.52,3006.43,100.736,-100.147,-0.258304,CONFIRMED
41.1,10,3010.46,6117.57,3003.97,1.39733,101.437,0.694657,CONFIRMED
41.1,34,441.904,162.353,378.845,-145.896,-53.6013,-125.077,TENTATIVE
41.1,35,-1922.02,6600.57,5414.73,43.5099,-149.421,-122.576,TENTATIVE
41.1,36,4134.89,650.375,3011.12,114.318,-24.836,-9.1511,TENTATIVE
41.1,37,4131.41,578.121,3020.3,103.44,-9.7004,-1.18191,TENTATIVE
41.1,38,-3887.2,12803.1,1328.68,41.2,-135.699,-14.0826,TENTATIVE
41.2,1,4119.01,5161.69,3012.68,96.91,36.8452,2.23886,CONFIRMED
41.2,3,4132.87,3887.01,3005.37,100.865,-99.8967,-0.753796,CONFIRMED
41.2,10,3010.29,6127.82,3004.14,1.26742,101.481,0.734144,CONFIRMED
41.2,34,427.314,156.992,366.337,-145.896,-53.6013,-125.077,TENTATIVE
41.2,35,-1917.67,6585.63,5402.47,43.5099,-149.421,-122.576,TENTATIVE
41.2,36,4145.59,649.526,3010.89,113.542,-23.036,-8.44215,TENTATIVE
41.2,37,4141.17,579.671,3020.53,102.835,-7.0436,-0.84258,TENTATIVE
41.2,38,-3883.08,12789.5,1327.27,41.2,-135.699,-14.0826,TENTATIVE
41.4,1,4136.22,5170.9,3012.99,95.9682,37.6472,2.18102,CONFIRMED
41.4,3,4153.39,3866.76,3005.09,101.041,-100.042,-0.818407,CONFIRMED
41.4,10,3011.16,6148.15,3003.59,1.52458,101.488,0.46071,CONFIRMED
41.4,34,398.135,146.272,341.322,-145.896,-53.6013,-125.077,TENTATIVE
41.4,35,-1908.96,6555.75,5377.95,43.5099,-149.421,-122.576,TENTATIVE
41.4,36,4166.25,650.21,3010.98,111.654,-18.0033,-6.86014,TENTATIVE
41.4,37,4161.44,579.393,3020.56,102.559,-5.98919,-0.65843,TENTATIVE
41.4,38,-3874.84,12762.4,1324.46,41.2,-135.699,-14.0826,TENTATIVE
41.5,1,4145.25,5175.76,3012.09,95.7159,38.1238,1.71306,CONFIRMED
41.5,3,4163.01,3857.47,3004.77,100.795,-99.6768,-0.93339,CONFIRMED
41.5,10,3011.08,6158.35,3003.78,1.42392,101.509,0.518613,CONFIRMED
41.5,34,383.545,140.912,328.814,-145.896,-53.6013,-125.077,TENTATIVE
41.5,35,-1904.61,6540.8,5365.7,43.5099,-149.421,-122.576,TENTATIVE
41.5,36,4177.41,648.409,3010.3,111.654,-18.0033,-6.86014,TENTATIVE
41.5,37,4172.93,578.311,3018.86,103.602,-6.42118,-2.02594,TENTATIVE
41.5,38,-3870.72,12748.8,1323.05,41.2,-135.699,-14.0826,TENTATIVE
41.6,1,4153.16,5180.94,3012.22,94.9838,38.7286,1.69779,CONFIRMED
41.6,3,4173.44,3847.14,3004.65,100.97,-99.8622,-0.945338,CONFIRMED
41.6,10,3011.45,6168.29,3004.03,1.52188,101.422,0.600532,CONFIRMED
41.6,34,368.956,135.552,316.306,-145.896,-53.6013,-125.077,TENTATIVE
41.6,35,-1900.26,6525.86,5353.44,43.5099,-149.421,-122.576,TENTATIVE
41.6,36,4186.95,649.948,3011.2,110.305,-15.1702,-5.57464,TENTATIVE
41.6,37,4182.87,579.377,3018.91,103.26,-4.98687,-1.82271,TENTATIVE
41.6,38,-3866.6,12735.3,1321.64,41.2,-135.699,-14.0826,TENTATIVE
41.7,1,4161.4,5186.14,3011.85,94.4268,39.3134,1.47011,CONFIRMED
41.7,3,4183.67,3836.76,3004.87,101.043,-100.061,-0.796159,CONFIRMED
41.7,10,3010.95,6178.89,3003.8,1.24482,101.614,0.479694,CONFIRMED
41.7,34,354.366,130.192,303.799,-145.896,-53.6013,-125.077,TENTATIVE
41.7,35,-1895.91,6510.92,5341.18,43.5099,-149.421,-122.576,TENTATIVE
41.7,36,4196.92,648.851,3012.04,109.461,-14.8152,-4.47192,TENTATIVE
41.7,37,4192.66,579.838,3019.31,102.84,-4.21722,-1.38629,TENTATIVE
41.7,38,-3862.48,12721.7,1320.23,41.2,-135.699,-14.0826,TENTATIVE
41.9,1,4178.1,5196.02,3011.71,93.4999,40.1725,1.28709,CONFIRMED
41.9,3,4203.43,3816.05,3006.24,100.835,-100.395,-0.0820997,CONFIRMED
41.9,10,3010.53,6199.7,3003.56,0.95677,101.812,0.356078,CONFIRMED
41.9,34,325.187,119.472,278.783,-145.896,-53.6013,-125.077,TENTATIVE
41.9,35,-1887.21,6481.04,5316.67,43.5099,-149.421,-122.576,TENTATIVE
41.9,36,4217.09,650.168,3012.66,108.194,-11.6067,-3.38532,TENTATIVE
41.9,37,4214.1,579.861,3017.64,103.449,-3.5973,-2.3491,TENTATIVE
41.9,38,-3854.24,12694.6,1317.42,41.2,-135.699,-14.0826,TENTATIVE
42,1,4186,5200.95,3012.28,92.8675,40.5758,1.47679,CONFIRMED
42,3,4213.19,3806.17,3006.46,100.677,-100.309,0.0312156,CONFIRMED
42,10,3011.45,6209.5,3003.55,1.30667,101.653,0.336672,CONFIRMED
42,34,310.597,114.111,266.275,-145.896,-53.6013,-125.077,TENTATIVE
42,35,-1882.86,6466.09,5304.41,43.5099,-149.421,-122.576,TENTATIVE
42,36,4227.91,649.007,3012.32,108.194,-11.6067,-3.38532,TENTATIVE
42,37,4225.37,579.239,3016.15,104.096,-3.81335,-3.20563,TENTATIVE
42,38,-3850.12,12681,1316.01,41.2,-135.699,-14.0826,TENTATIVE
42.1,1,4195.39,5209.96,3013.97,93.9773,44.0388,2.89345,CONFIRMED
42.1,3,4224.77,3797.54,3007.17,100.715,-100.298,-0.13582,CONFIRMED
42.1,10,3011.77,6219.8,3003.11,1.38625,101.706,0.145161,CONFIRMED
42.1,35,-1878.51,6451.15,5292.15,43.5099,-149.421,-122.576,TENTATIVE
42.1,36,4230.01,649.155,3007.02,103.988,-10.3637,-5.37844,TENTATIVE
42.1,37,4237.03,579.187,3016.59,104.506,-3.65272,-3.02249,TENTATIVE
42.1,38,-3846,12667.4,1314.6,41.2,-135.699,-14.0826,TENTATIVE
42.2,1,4204.14,5215.11,3013.87,93.6917,44.3661,2.7323,CONFIRMED
42.2,3,4234.91,3787.88,3006.6,100.746,-100.115,-0.403143,CONFIRMED
42.2,10,3011.03,6230.38,3003.19,1.01095,101.876,0.169509,CONFIRMED
42.2,35,-1874.16,6436.21,5279.89,43.5099,-149.421,-122.576,TENTATIVE
42.2,36,4240.41,648.118,3006.48,103.988,-10.3637,-5.37844,TENTATIVE
42.2,37,4247.34,579.978,3016.27,104.409,-2.88483,-3.02964,TENTATIVE
42.2,38,-3841.88,12653.8,1313.19,41.2,-135.699,-14.0826,TENTATIVE
42.4,1,4220.86,5226.6,3012.73,92.8162,45.4798,2.04342,CONFIRMED
42.4,3,4255.16,3767.21,3007.18,100.8,-100.435,-0.0907043,CONFIRMED
42.4,10,3010.78,6250.63,3003.93,0.835405,101.82,0.461417,CONFIRMED
42.4,35,-1865.45,6406.33,5255.38,43.5099,-149.421,-122.576,TENTATIVE
42.4,36,4259.23,649.097,3007.59,102.77,-8.3943,-4.0461,TENTATIVE
42.4,37,4267.99,581.4,3015.62,104.263,-1.66485,-3.05355,TENTATIVE
42.4,38,-3833.64,12626.7,1310.38,41.2,-135.699,-14.0826,TENTATIVE
42.5,1,4228.59,5232.12,3013.41,92.1446,45.9148,2.24623,CONFIRMED
42.5,3,4265.79,3756.67,3007.01,101.074,-100.691,-0.170247,CONFIRMED
42.5,10,3011.01,6260.72,3004.02,0.895732,101.782,0.481068,CONFIRMED
42.5,35,-1861.1,6391.38,5243.12,43.5099,-149.421,-122.576,TENTATIVE
42.5,36,4268.95,648.689,3007.88,102.432,-8.11304,-3.62195,TENTATIVE
42.5,37,4278.34,581.725,3015.32,104.217,-1.36168,-3.04595,TENTATIVE
42.5,38,-3829.52,12613.1,1308.97,41.2,-135.699,-14.0826,TENTATIVE
42.6,1,4235.72,5238.62,3013.28,91.2314,46.7488,2.09733,CONFIRMED
42.6,3,4275.66,3746.4,3007.57,100.959,-100.784,0.108865,CONFIRMED
42.6,10,3010.67,6270.79,3004.7,0.716579,101.744,0.738438,CONFIRMED
42.6,35,-1856.75,6376.44,5230.86,43.5099,-149.421,-122.576,TENTATIVE
42.6,36,4278.19,648.928,3008.74,101.828,-7.44185,-2.89758,TENTATIVE
42.6,37,4288.89,582.099,3014.73,104.289,-1.05483,-3.20785,TENTATIVE
42.6,38,-3825.4,12599.6,1307.56,41.2,-135.699,-14.0826,TENTATIVE
42.7,1,4243.71,5244.82,3012.44,90.7337,47.4065,1.66108,CONFIRMED
42.7,3,4286.06,3736.73,3006.64,101.104,-100.587,-0.342005,CONFIRMED
42.7,10,3010.25,6281.19,3004.82,0.508433,101.837,0.754456,CONFIRMED
42.7,35,-1852.4,6361.5,5218.6,43.5099,-149.421,-122.576,TENTATIVE
42.7,36,4288.28,648.935,3008.41,101.772,-6.97377,-2.91697,TENTATIVE
42.7,37,4298.8,584.109,3014.75,103.989,0.201259,-3.01936,TENTATIVE
42.7,38,-3821.28,12586,1306.15,41.2,-135.699,-14.0826,TENTATIVE
42.9,1,4259.14,5256.25,3013.21,89.5906,48.2433,1.8333,CONFIRMED
42.9,3,4306.34,3717.09,3005.9,101.133,-100.364,-0.657743,CONFIRMED
42.9,10,3011.13,6300.66,3006.04,0.833004,101.474,1.18642,CONFIRMED
42.9,35,-1843.7,6331.61,5194.09,43.5099,-149.421,-122.576,TENTATIVE
42.9,36,4307.57,649.424,3008.95,101.158,-5.86436,-2.27469,TENTATIVE
42.9,37,4319.7,585.232,3013.79,104.041,0.831656,-3.21464,TENTATIVE
42.9,38,-3813.04,12558.9,1303.33,41.2,-135.699,-14.0826,TENTATIVE
43,1,4266.68,5262.36,3013.17,88.9752,48.8006,1.73882,CONFIRMED
43,3,4316.55,3706.35,3006.57,101.192,-100.717,-0.308439,CONFIRMED
43,10,3010.32,6311.26,3006.12,0.452493,101.664,1.16923,CONFIRMED
43,35,-1839.35,6316.67,5181.83,43.5099,-149.421,-122.576,TENTATIVE
43,36,4317.68,648.838,3008.72,101.158,-5.86436,-2.27469,TENTATIVE
43,37,4329.72,585.217,3014.03,103.838,0.777436,-2.91258,TENTATIVE
43,38,-3808.92,12545.3,1301.93,41.2,-135.699,-14.0826,TENTATIVE
43.1,1,4275.5,5270.89,3013.72,89.8974,51.5555,2.58047,CONFIRMED
43.1,3,4328.09,3696.39,3006.03,101.748,-100.816,-0.652835,CONFIRMED
43.1,10,3010.01,6321.21,3005.91,-0.938125,98.9913,-0.201606,CONFIRMED
43.1,36,4324.89,648.232,3006.5,100.09,-5.77848,-2.96376,TENTATIVE
43.1,37,4336.11,584.315,3012.43,102.811,0.398571,-2.81565,TENTATIVE
43.1,38,-3804.8,12531.7,1300.52,41.2,-135.699,-14.0826,TENTATIVE
43.1,39,4534.11,11352.8,5256.19,32.9448,82.489,38.1914,TENTATIVE
43.2,1,4283.21,5277.18,3013.83,89.3423,52.0491,2.51819,CONFIRMED
43.2,3,4338.01,3685.76,3007.01,101.629,-101.087,-0.15496,CONFIRMED
43.2,10,3009.92,6331.31,3005.47,-0.93801,99.0705,-0.372827,CONFIRMED
43.2,36,4334.1,648.422,3007.2,99.6671,-5.32042,-2.43675,TENTATIVE
43.2,37,4345.81,584.875,3012.88,102.511,0.69276,-2.42893,TENTATIVE
43.2,38,-3800.68,12518.1,1299.11,41.2,-135.699,-14.0826,TENTATIVE
43.2,39,4537.41,11361,5260.01,32.9448,82.489,38.1914,TENTATIVE
43.4,1,4298.58,5289.51,3014.53,88.2903,52.8711,2.59962,CONFIRMED
43.4,3,4358.1,3665.95,3006.84,101.527,-100.905,-0.218732,CONFIRMED
43.4,10,3009.82,6350.2,3007.27,-0.899158,98.7047,0.377364,CONFIRMED
43.4,36,4352.77,647.737,3008.47,99.0087,-5.09999,-1.51252,TENTATIVE
43.4,37,4366.28,584.95,3012.46,102.499,0.66397,-2.40574,TENTATIVE
43.4,38,-3792.44,12491,1296.29,41.2,-135.699,-14.0826,TENTATIVE
43.4,39,4544,11377.5,5267.64,32.9448,82.489,38.1914,TENTATIVE
43.5,1,4306.73,5295.97,3013.73,87.9886,53.3694,2.15759,CONFIRMED
43.5,3,4368.62,3655.32,3006.92,101.717,-101.181,-0.170623,CONFIRMED
43.5,10,3009.42,6360.5,3006.69,-1.03433,98.884,0.126708,CONFIRMED
43.5,36,4362.28,648.266,3008.66,98.7983,-4.49454,-1.33223,TENTATIVE
43.5,37,4376.37,584.961,3012.47,102.416,0.634292,-2.27767,TENTATIVE
43.5,38,-3788.32,12477.4,1294.89,41.2,-135.699,-14.0826,TENTATIVE
43.5,39,4547.29,11385.7,5271.46,32.9448,82.489,38.1914,TENTATIVE
43.6,1,4314.47,5302.9,3012.66,87.5237,54.0528,1.62538,CONFIRMED
43.6,3,4378.66,3645.22,3007.07,101.65,-101.166,-0.0886315,CONFIRMED
43.6,10,3008.82,6370.7,3006.54,-1.24355,99.012,0.0606917,CONFIRMED
43.6,36,4371.9,648.588,3008.74,98.6543,-4.04678,-1.21631,TENTATIVE
43.6,37,4386.45,583.917,3012.69,102.342,0.028657,-2.05039,TENTATIVE
43.6,38,-3784.2,12463.9,1293.48,41.2,-135.699,-14.0826,TENTATIVE
43.6,39,4550.58,11394,5275.28,32.9448,82.489,38.1914,TENTATIVE
43.7,1,4322.27,5308.96,3013.04,87.1151,54.3375,1.71636,CONFIRMED
43.7,3,4388.82,3635.11,3007.06,101.65,-101.166,-0.0886315,CONFIRMED
43.7,10,3009.31,6380.31,3006.56,-0.986071,98.8891,0.0671184,CONFIRMED
43.7,36,4381.81,648.578,3008.47,98.674,-3.81994,-1.29399,TENTATIVE
43.7,37,4396.33,584.381,3012.91,102.164,0.28266,-1.83786,TENTATIVE
43.7,38,-3780.08,12450.3,1292.07,41.2,-135.699,-14.0826,TENTATIVE
43.7,39,4553.88,11402.2,5279.1,32.9448,82.489,38.1914,TENTATIVE
43.9,1,4337.88,5321.2,3013.57,86.3667,54.9104,1.79161,CONFIRMED
43.9,3,4408.55,3615.61,3007.04,101.348,-100.795,-0.0886829,CONFIRMED
43.9,10,3009.33,6399.46,3007.69,-0.88881,98.6401,0.504935,CONFIRMED
43.9,36,4400.82,647.998,3009.22,98.3159,-3.71487,-0.78969,TENTATIVE
43.9,37,4416.47,585.512,3012.77,102.018,0.855192,-1.73399,TENTATIVE
43.9,38,-3771.84,12423.2,1289.25,41.2,-135.699,-14.0826,TENTATIVE
43.9,39,4560.47,11418.7,5286.74,32.9448,82.489,38.1914,TENTATIVE
44,1,4344.64,5328.48,3013.3,85.5585,55.6779,1.60829,CONFIRMED
44,3,4419.4,3604.73,3006.94,101.708,-101.201,-0.132118,CONFIRMED
44,10,3010.29,6409.13,3007.1,-0.447716,98.5541,0.247896,CONFIRMED
44,36,4410.47,648.603,3009.2,98.2209,-3.1836,-0.764012,TENTATIVE
44,37,4426.67,585.598,3012.6,102.018,0.855192,-1.73399,TENTATIVE
44,38,-3767.72,12409.6,1287.84,41.2,-135.699,-14.0826,TENTATIVE
44,39,4563.76,11427,5290.56,32.9448,82.489,38.1914,TENTATIVE
44.1,1,4352.02,5337.2,3012.74,85.058,57.0253,1.32062,CONFIRMED
44.1,3,4429.32,3594.7,3007.2,101.583,-101.155,-0.0029237,CONFIRMED
44.1,10,3010.62,6421.24,3007.84,0.725018,101.682,1.5638,CONFIRMED
44.1,36,4421.52,649.823,3010.16,99.8272,-2.20711,0.424605,TENTATIVE
44.1,37,4442.96,587.145,3017.46,102.581,1.27252,-0.98712,TENTATIVE
44.1,39,4567.06,11435.2,5294.38,32.9448,82.489,38.1914,TENTATIVE
44.1,40,3738.36,6773.71,7207.14,-36.261,-65.703,-69.9071,TENTATIVE
44.1,41,2035.93,5892.39,644.242,-43.8056,-126.782,-13.8617,TENTATIVE
44.2,1,4359.09,5344.27,3012.52,84.447,57.6107,1.17719,CONFIRMED
44.2,3,4439.13,3584.91,3007.31,101.412,-100.987,0.0480366,CONFIRMED
44.2,10,3010.66,6431.64,3007.52,0.707635,101.778,1.37192,CONFIRMED
44.2,36,4431.5,649.602,3010.2,99.8272,-2.20711,0.424605,TENTATIVE
44.2,37,4452.9,586.811,3017.93,102.414,1.0248,-0.686016,TENTATIVE
44.2,39,4570.35,11443.5,5298.2,32.9448,82.489,38.1914,TENTATIVE
44.2,40,3734.74,6767.14,7200.15,-36.261,-65.703,-69.9071,TENTATIVE
44.2,41,2031.55,5879.71,642.856,-43.8056,-126.782,-13.8617,TENTATIVE
44.4,1,4372.23,5359.23,3012.11,82.894,59.0387,0.918722,CONFIRMED
44.4,3,4459.24,3565.64,3006.48,101.319,-100.56,-0.325025,CONFIRMED
44.4,10,3010.04,6452.08,3008.37,0.399536,101.815,1.59932,CONFIRMED
44.4,36,4452.15,649.082,3009.28,100.176,-2.21656,-0.0985706,TENTATIVE
44.4,37,4473.88,588.076,3016.85,102.649,1.59714,-1.1543,TENTATIVE
44.4,39,4576.94,11460,5305.84,32.9448,82.489,38.1914,TENTATIVE
44.4,40,3727.48,6754,7186.16,-36.261,-65.703,-69.9071,TENTATIVE
44.4,41,2022.79,5854.35,640.083,-43.8056,-126.782,-13.8617,TENTATIVE
44.5,1,4379.2,5366.4,3011.86,82.3324,59.578,0.783179,CONFIRMED
44.5,3,4469.55,3555.89,3005.8,101.402,-100.408,-0.629238,CONFIRMED
44.5,10,3010.4,6462.3,3008.15,0.531513,101.826,1.44279,CONFIRMED
44.5,36,4462.51,648.048,3008.94,100.356,-2.6836,-0.269053,TENTATIVE
44.5,37,4483.57,588.083,3017.63,102.366,1.51847,-0.711529,TENTATIVE
44.5,39,4580.24,11468.2,5309.66,32.9448,82.489,38.1914,TENTATIVE
44.5,40,3723.86,6747.43,7179.17,-36.261,-65.703,-69.9071,TENTATIVE
44.5,41,2018.41,5841.67,638.697,-43.8056,-126.782,-13.8617,TENTATIVE
44.6,1,4385.95,5373.41,3012.25,81.7066,60.0251,0.908005,CONFIRMED
44.6,3,4479.69,3545.85,3005.74,101.402,-100.408,-0.629238,CONFIRMED
44.6,10,3011.19,6472.31,3007.92,0.840011,101.753,1.29346,CONFIRMED
44.6,36,4472.55,647.78,3008.92,100.356,-2.6836,-0.269053,TENTATIVE
44.6,37,4494.14,587.623,3017.17,102.537,1.18386,-0.903323,TENTATIVE
44.6,39,4583.53,11476.5,5313.47,32.9448,82.489,38.1914,TENTATIVE
44.6,40,3720.23,6740.86,7172.18,-36.261,-65.703,-69.9071,TENTATIVE
44.6,41,2014.03,5829,637.311,-43.8056,-126.782,-13.8617,TENTATIVE
44.7,1,4392.62,5380.96,3011.76,81.0723,60.6785,0.674198,CONFIRMED
44.7,3,4489.04,3535.67,3007.02,101.023,-100.465,0.000854461,CONFIRMED
44.7,10,3011.27,6482.69,3007.61,0.839513,101.834,1.11724,CONFIRMED
44.7,36,4482.69,647.831,3008.66,100.408,-2.50176,-0.38631,TENTATIVE
44.7,37,4504.24,588.496,3017.16,102.457,1.59459,-0.86307,TENTATIVE
44.7,39,4586.82,11484.7,5317.29,32.9448,82.489,38.1914,TENTATIVE
44.7,40,3716.61,6734.29,7165.19,-36.261,-65.703,-69.9071,TENTATIVE
44.7,41,2009.65,5816.32,635.925,-43.8056,-126.782,-13.8617,TENTATIVE
44.9,1,4405.65,5395.93,3011.5,79.7586,61.8501,0.514519,CONFIRMED
44.9,3,4509.61,3515.62,3006.43,101.182,-100.454,-0.246963,CONFIRMED
44.9,10,3010.96,6503.27,3007.84,0.636269,101.925,1.12194,CONFIRMED
44.9,36,4503.23,647.402,3007.88,100.64,-2.46191,-0.743554,TENTATIVE
44.9,37,4524.45,588.8,3017.41,102.325,1.5859,-0.6621,TENTATIVE
44.9,39,4593.41,11501.2,5324.93,32.9448,82.489,38.1914,TENTATIVE
44.9,40,3709.35,6721.15,7151.21,-36.261,-65.703,-69.9071,TENTATIVE
44.9,41,2000.89,5790.96,633.152,-43.8056,-126.782,-13.8617,TENTATIVE
45,1,4412.15,5403.6,3011.05,79.1365,62.4746,0.313117,CONFIRMED
45,3,4519.73,3505.58,3006.39,101.183,-100.45,-0.254417,CONFIRMED
45,10,3010.73,6513.47,3008.23,0.513159,101.932,1.23151,CONFIRMED
45,36,4513.3,647.156,3007.8,100.64,-2.46191,-0.743554,TENTATIVE
45,37,4533.54,589.696,3018.92,101.727,2.02142,0.153395,TENTATIVE
45,39,4596.71,11509.5,5328.75,32.9448,82.489,38.1914,TENTATIVE
45,40,3705.73,6714.58,7144.22,-36.261,-65.703,-69.9071,TENTATIVE
45,41,1996.51,5778.28,631.766,-43.8056,-126.782,-13.8617,TENTATIVE
45.1,1,4419.74,5412.79,3010.83,79.8178,64.7082,0.776725,CONFIRMED
45.1,3,4527.73,3494.3,3005.72,98.4343,-102.399,-1.73271,CONFIRMED
45.1,10,3010.04,6522.13,3008.29,-0.0229619,100.782,0.968944,CONFIRMED
45.1,36,4522.29,647.499,3006.79,100.864,-1.99911,-0.674357,TENTATIVE
45.1,37,4540.62,589.559,3016.86,100.915,1.95521,-0.361175,TENTATIVE
45.1,39,4600,11517.7,5332.57,32.9448,82.489,38.1914,TENTATIVE
45.1,40,3702.1,6708,7137.23,-36.261,-65.703,-69.9071,TENTATIVE
45.1,41,1992.13,5765.6,630.38,-43.8056,-126.782,-13.8617,TENTATIVE
45.2,1,4425.8,5420.99,3010.63,79.0068,65.4384,0.665881,CONFIRMED
45.2,3,4537.52,3483,3006.84,98.4169,-102.914,-1.13204,CONFIRMED
45.2,10,3010.25,6532.07,3008.49,0.0628215,100.724,1.01161,CONFIRMED
45.2,36,4532.5,646.842,3006.64,100.929,-2.26085,-0.719198,TENTATIVE
45.2,37,4550.7,589.745,3016.84,100.911,1.95002,-0.354326,TENTATIVE
45.2,39,4603.3,11526,5336.39,32.9448,82.489,38.1914,TENTATIVE
45.2,40,3698.48,6701.43,7130.24,-36.261,-65.703,-69.9071,TENTATIVE
45.2,41,1987.75,5752.93,628.994,-43.8056,-126.782,-13.8617,TENTATIVE
45.4,1,4438.34,5437.27,3009.84,77.6547,66.7555,0.297049,CONFIRMED
45.4,3,4556.45,3463.58,3006.45,98.0677,-102.364,-1.20351,CONFIRMED
45.4,10,3010.77,6552,3008.64,0.280174,100.63,1.0024,CONFIRMED
45.4,36,4552.62,646.243,3006.62,100.901,-2.33948,-0.658552,TENTATIVE
45.4,37,4570.11,589.987,3017.98,100.536,1.89047,0.237948,TENTATIVE
45.4,39,4609.89,11542.5,5344.03,32.9448,82.489,38.1914,TENTATIVE
45.4,40,3691.22,6688.29,7116.26,-36.261,-65.703,-69.9071,TENTATIVE
45.4,41,1978.98,5727.57,626.222,-43.8056,-126.782,-13.8617,TENTATIVE
45.5,1,4445.12,5444.95,3009.51,77.2396,67.1764,0.15287,CONFIRMED
45.5,3,4565.92,3453.96,3006.15,97.8977,-102.056,-1.2849,CONFIRMED
45.5,10,3011.84,6561.68,3008.54,0.715295,100.471,0.91987,CONFIRMED
45.5,36,4562.07,645.811,3007.58,100.582,-2.44464,-0.144155,TENTATIVE
45.5,37,4580.7,590.517,3017.11,100.801,2.07128,-0.206701,TENTATIVE
45.5,39,4613.18,11550.7,5347.85,32.9448,82.489,38.1914,TENTATIVE
45.5,40,3687.6,6681.72,7109.27,-36.261,-65.703,-69.9071,TENTATIVE
45.5,41,1974.6,5714.89,624.835,-43.8056,-126.782,-13.8617,TENTATIVE
45.6,1,4450.97,5453.06,3009.77,76.4541,67.7673,0.255681,CONFIRMED
45.6,3,4575.78,3442.87,3006.92,97.9408,-102.489,-0.866576,CONFIRMED
45.6,10,3011.51,6572.13,3008.15,0.544938,100.634,0.728357,CONFIRMED
45.6,36,4571.82,645.473,3008.06,100.422,-2.49548,0.112463,TENTATIVE
45.6,37,4590.46,591.379,3017.46,100.637,2.4279,-0.0244517,TENTATIVE
45.6,39,4616.47,11559,5351.67,32.9448,82.489,38.1914,TENTATIVE
45.6,40,3683.97,6675.15,7102.28,-36.261,-65.703,-69.9071,TENTATIVE
45.6,41,1970.22,5702.21,623.449,-43.8056,-126.782,-13.8617,TENTATIVE
45.7,1,4456.87,5461.37,3009.61,75.7201,68.4137,0.178797,CONFIRMED
45.7,3,4585.9,3432.68,3006.26,98.0993,-102.466,-1.13731,CONFIRMED
45.7,10,3011.34,6582.37,3008.06,0.45006,100.708,0.659998,CONFIRMED
45.7,36,4582.2,645.342,3007.52,100.598,-2.43059,-0.17241,TENTATIVE
45.7,37,4600.13,592.223,3017.93,100.441,2.75513,0.212964,TENTATIVE
45.7,39,4619.77,11567.2,5355.48,32.9448,82.489,38.1914,TENTATIVE
45.7,40,3680.34,6668.58,7095.29,-36.261,-65.703,-69.9071,TENTATIVE
45.7,41,1965.84,5689.54,622.063,-43.8056,-126.782,-13.8617,TENTATIVE
45.9,1,4470.32,5476.91,3008.8,75.0181,69.1797,-0.165191,CONFIRMED
45.9,3,4605.2,3412.65,3006.01,97.9436,-102.251,-1.1378,CONFIRMED
45.9,10,3012.35,6602.41,3007.49,0.830224,100.659,0.386593,CONFIRMED
45.9,36,4602.69,644.764,3006.93,100.783,-2.49485,-0.443098,TENTATIVE
45.9,37,4619.33,591.917,3019.5,100.016,2.31873,0.952883,TENTATIVE
45.9,39,4626.36,11583.7,5363.12,32.9448,82.489,38.1914,TENTATIVE
45.9,40,3673.09,6655.44,7081.3,-36.261,-65.703,-69.9071,TENTATIVE
45.9,41,1957.08,5664.18,619.291,-43.8056,-126.782,-13.8617,TENTATIVE
46,1,4475.94,5485.42,3008.69,74.2288,69.8486,-0.201888,CONFIRMED
46,3,4615,3401.99,3006.38,97.9526,-102.466,-0.910134,CONFIRMED
46,10,3012.15,6612.75,3007.22,0.710728,100.769,0.26324,CONFIRMED
46,36,4612.77,644.514,3006.89,100.783,-2.49485,-0.443098,TENTATIVE
46,37,4629.5,592.27,3019.32,100.099,2.38278,0.813927,TENTATIVE
46,39,4629.65,11592,5366.94,32.9448,82.489,38.1914,TENTATIVE
46,40,3669.47,6648.87,7074.31,-36.261,-65.703,-69.9071,TENTATIVE
46,41,1952.7,5651.5,617.905,-43.8056,-126.782,-13.8617,TENTATIVE
46.1,1,4478.68,5489.14,3006.17,72.6783,69.0077,-0.939379,CONFIRMED
46.1,3,4627.42,3394.14,3008.4,99.7106,-101.002,0.405378,CONFIRMED
46.1,10,3012,6622.14,3006.54,0.125827,99.3995,-0.516545,CONFIRMED
46.1,36,4624.21,643.867,3007.39,101.203,-2.75533,-0.352264,CONFIRMED
46.1,37,4640.68,591.355,3019.26,99.8089,1.63383,0.176775,CONFIRMED
46.1,40,3665.84,6642.3,7067.32,-36.261,-65.703,-69.9071,TENTATIVE
46.1,41,1948.32,5638.82,616.518,-43.8056,-126.782,-13.8617,TENTATIVE
46.1,42,-7551.01,3807.67,6935.56,44.3733,-22.3757,-40.7566,TENTATIVE
46.2,1,4485.94,5496.05,3006.08,72.6783,69.0077,-0.939379,CONFIRMED
46.2,3,4637.4,3384.04,3008.44,99.7106,-101.002,0.405378,CONFIRMED
46.2,10,3012.15,6631.71,3007.17,0.185395,99.2512,-0.24112,CONFIRMED
46.2,36,4634.42,643.813,3007.18,101.25,-2.63076,-0.45204,CONFIRMED
46.2,37,4650.66,591.519,3019.28,99.8089,1.63383,0.176775,CONFIRMED
46.2,40,3662.21,6635.73,7060.33,-36.261,-65.703,-69.9071,TENTATIVE
46.2,41,1943.94,5626.14,615.132,-43.8056,-126.782,-13.8617,TENTATIVE
46.2,42,-7546.57,3805.44,6931.48,44.3733,-22.3757,-40.7566,TENTATIVE
46.4,1,4498.56,5510.91,3006.82,71.8885,69.4599,-0.573481,CONFIRMED
46.4,3,4657.16,3363.51,3009.16,99.6272,-101.155,0.703311,CONFIRMED
46.4,10,3011.34,6652.35,3006.23,-0.151,99.5593,-0.5987,CONFIRMED
46.4,36,4654.84,642.832,3006.91,101.339,-2.88324,-0.538873,CONFIRMED
46.4,37,4670.32,592.579,3019.63,99.6767,2.0081,0.312127,CONFIRMED
46.4,40,3654.96,6622.59,7046.35,-36.261,-65.703,-69.9071,TENTATIVE
46.4,41,1935.18,5600.79,612.36,-43.8056,-126.782,-13.8617,TENTATIVE
46.4,42,-7537.7,3800.96,6923.33,44.3733,-22.3757,-40.7566,TENTATIVE
46.5,1,4505.02,5518.56,3006.57,71.5827,69.7537,-0.65295,CONFIRMED
46.5,3,4667.12,3353.4,3009.23,99.6272,-101.155,0.703311,CONFIRMED
46.5,10,3011.58,6662.24,3006.05,-0.0464351,99.5334,-0.645356,CONFIRMED
46.5,36,4665.08,643.113,3006.57,101.393,-2.56261,-0.692344,CONFIRMED
46.5,37,4680.41,592.313,3019.57,99.7359,1.75756,0.268212,CONFIRMED
46.5,40,3651.34,6616.02,7039.36,-36.261,-65.703,-69.9071,TENTATIVE
46.5,41,1930.8,5588.11,610.974,-43.8056,-126.782,-13.8617,TENTATIVE
46.5,42,-7533.26,3798.72,6919.26,44.3733,-22.3757,-40.7566,TENTATIVE
46.6,1,4510.83,5526.92,3005.99,71.0227,70.3238,-0.858339,CONFIRMED
46.6,3,4677.86,3342.84,3008.57,100,-101.381,0.362402,CONFIRMED
46.6,10,3011.9,6672.32,3005.38,0.0838679,99.583,-0.88753,CONFIRMED
46.6,36,4675.22,642.856,3006.5,101.393,-2.56261,-0.692344,CONFIRMED
46.6,37,4690.72,592.16,3019.13,99.9155,1.57913,0.0209561,CONFIRMED
46.6,40,3647.71,6609.45,7032.37,-36.261,-65.703,-69.9071,TENTATIVE
46.6,41,1926.42,5575.43,609.588,-43.8056,-126.782,-13.8617,TENTATIVE
46.6,42,-7528.82,3796.49,6915.18,44.3733,-22.3757,-40.7566,TENTATIVE
46.7,1,4515.39,5535.85,3006.23,69.9708,71.1159,-0.726583,CONFIRMED
46.7,3,4688.1,3332.5,3008.45,100.118,-101.482,0.287037,CONFIRMED
46.7,10,3011.39,6681.99,3006.45,-0.124563,99.4699,-0.424166,CONFIRMED
46.7,36,4685.33,642.141,3006.57,101.379,-2.80814,-0.617736,CONFIRMED
46.7,37,4700.72,592.318,3019.13,99.9155,1.57913,0.0209561,CONFIRMED
46.7,40,3644.08,6602.88,7025.38,-36.261,-65.703,-69.9071,TENTATIVE
46.7,41,1922.04,5562.75,608.201,-43.8056,-126.782,-13.8617,TENTATIVE
46.7,42,-7524.38,3794.25,6911.11,44.3733,-22.3757,-40.7566,TENTATIVE
46.9,1,4528.38,5551.46,3005.04,69.5608,71.6698,-1.13102,CONFIRMED
46.9,3,4706.99,3313.1,3009.32,99.5797,-101.05,0.661591,CONFIRMED
46.9,10,3011.62,6701.47,3007.04,-0.0241,99.3072,-0.159508,CONFIRMED
46.9,36,4705.25,642.759,3006.76,101.191,-2.1583,-0.461642,CONFIRMED
46.9,37,4720.17,594.115,3019.67,99.6476,2.34942,0.290348,CONFIRMED
46.9,40,3636.83,6589.74,7011.4,-36.261,-65.703,-69.9071,TENTATIVE
46.9,41,1913.28,5537.4,605.429,-43.8056,-126.782,-13.8617,TENTATIVE
46.9,42,-7515.51,3789.77,6902.95,44.3733,-22.3757,-40.7566,TENTATIVE
47,1,4533.89,5559.98,3004.61,68.9618,72.2282,-1.2563,CONFIRMED
47,3,4716.44,3303.09,3010.08,99.3397,-100.998,0.983135,CONFIRMED
47,10,3012.63,6710.58,3007.83,0.39743,98.9756,0.162455,CONFIRMED
47,36,4715.37,642.543,3006.71,101.191,-2.1583,-0.461642,CONFIRMED
47,37,4730.45,594.963,3019.09,99.7982,2.67374,-0.0101406,CONFIRMED
47,40,3633.21,6583.17,7004.41,-36.261,-65.703,-69.9071,TENTATIVE
47,41,1908.89,5524.72,604.043,-43.8056,-126.782,-13.8617,TENTATIVE
47,42,-7511.07,3787.54,6898.88,44.3733,-22.3757,-40.7566,TENTATIVE
47.1,1,4541.25,5569.54,3006.27,68.291,72.1291,-1.1163,CONFIRMED
47.1,3,4726.95,3292.43,3011.07,100.156,-100.905,1.73474,CONFIRMED
47.1,10,3012.01,6720.18,3008.16,0.273288,99.1782,0.432149,CONFIRMED
47.1,36,4728.06,642.941,3008.5,101.885,-1.93731,0.0674666,CONFIRMED
47.1,37,4740.78,595.038,3018.65,98.6784,2.40663,-1.05036,CONFIRMED
47.1,42,-7506.64,3785.3,6894.8,44.3733,-22.3757,-40.7566,TENTATIVE
47.1,43,-655.415,6521.49,970.9,-19.3327,192.363,28.6385,TENTATIVE
47.2,1,4547.06,5577.57,3006.21,67.8687,72.4641,-1.09589,CONFIRMED
47.2,3,4736.86,3282.5,3011.23,100.106,-100.825,1.72993,CONFIRMED
47.2,10,3011.51,6730.49,3007.86,0.0540398,99.3352,0.292355,CONFIRMED
47.2,36,4737.85,642.847,3009.13,101.679,-1.87849,0.387347,CONFIRMED
47.2,37,4750.89,594.764,3018.25,98.8015,2.13254,-1.1946,CONFIRMED
47.2,42,-7502.2,3783.06,6890.73,44.3733,-22.3757,-40.7566,TENTATIVE
47.2,43,-657.348,6540.73,973.764,-19.3327,192.363,28.6385,TENTATIVE
47.4,1,4559.26,5593.18,3006.01,67.3178,72.9113,-1.08871,CONFIRMED
47.4,3,4756.96,3263.14,3010.6,100.13,-100.446,1.29348,CONFIRMED
47.4,10,3011.22,6750.68,3007.49,-0.0788069,99.4643,0.130489,CONFIRMED
47.4,36,4757.77,642.843,3009.79,101.467,-1.65351,0.681465,CONFIRMED
47.4,37,4770.91,595.303,3017.59,98.9208,2.18612,-1.39759,CONFIRMED
47.4,42,-7493.32,3778.59,6882.58,44.3733,-22.3757,-40.7566,TENTATIVE
47.4,43,-661.215,6579.2,979.492,-19.3327,192.363,28.6385,TENTATIVE
47.5,1,4565.48,5600.82,3006.01,67.1095,73.0585,-1.0448,CONFIRMED
47.5,3,4766.85,3253.18,3010.83,100.072,-100.4,1.33865,CONFIRMED
47.5,10,3012.12,6759.82,3008.41,0.29803,99.1424,0.487787,CONFIRMED
47.5,36,4768.04,641.797,3009.85,101.535,-2.14681,0.678189,CONFIRMED
47.5,37,4780.49,595.506,3017.94,98.7704,2.17949,-1.15433,CONFIRMED
47.5,42,-7488.89,3776.35,6878.5,44.3733,-22.3757,-40.7566,TENTATIVE
47.5,43,-663.148,6598.43,982.356,-19.3327,192.363,28.6385,TENTATIVE
47.6,1,4571.57,5607.89,3007.3,66.859,72.9696,-0.490005,CONFIRMED
47.6,3,4777,3242.84,3011.06,100.141,-100.549,1.38485,CONFIRMED
47.6,10,3011.38,6770.17,3008.26,-0.0201541,99.3171,0.408222,CONFIRMED
47.6,36,4777.89,642.048,3010.3,101.378,-1.88468,0.873248,CONFIRMED
47.6,37,4790.16,596.312,3018.04,98.6673,2.49036,-1.05019,CONFIRMED
47.6,42,-7484.45,3774.11,6874.42,44.3733,-22.3757,-40.7566,TENTATIVE
47.6,43,-665.081,6617.67,985.219,-19.3327,192.363,28.6385,TENTATIVE
47.7,1,4576.9,5616.43,3006.99,66.3015,73.4805,-0.59357,CONFIRMED
47.7,3,4787.37,3232.92,3010.48,100.31,-100.489,1.04989,CONFIRMED
47.7,10,3011.01,6780.87,3006.92,-0.174319,99.6244,-0.137994,CONFIRMED
47.7,36,4788.03,641.86,3010.38,101.378,-1.88468,0.873248,CONFIRMED
47.7,37,4799.83,596.131,3018.33,98.579,2.24321,-0.859244,CONFIRMED
47.7,42,-7480.01,3771.87,6870.35,44.3733,-22.3757,-40.7566,TENTATIVE
47.7,43,-667.014,6636.91,988.083,-19.3327,192.363,28.6385,TENTATIVE
47.9,1,4588.1,5632.69,3007.09,65.47,74.1168,-0.511577,CONFIRMED
47.9,3,4807.62,3213.2,3009.99,100.39,-100.302,0.723552,CONFIRMED
47.9,10,3011.46,6800.96,3006.04,0.0107231,99.6837,-0.458719,CONFIRMED
47.9,36,4807.35,641.516,3012.07,100.91,-1.87242,1.62309,CONFIRMED
47.9,37,4819.47,596.954,3018.21,98.5399,2.44002,-0.835569,CONFIRMED
47.9,42,-7471.14,3767.4,6862.2,44.3733,-22.3757,-40.7566,TENTATIVE
47.9,43,-670.881,6675.38,993.811,-19.3327,192.363,28.6385,TENTATIVE
48,1,4594.52,5640.15,3007.16,65.4152,74.1373,-0.465821,CONFIRMED
48,3,4818.01,3203.01,3009.66,100.563,-100.386,0.535401,CONFIRMED
48,10,3011.25,6811.13,3005.75,-0.0771071,99.764,-0.553589,CONFIRMED
48,36,4817.45,641.329,3012.23,100.91,-1.87242,1.62309,CONFIRMED
48,37,4829.19,597.107,3018.36,98.4675,2.39397,-0.71016,CONFIRMED
48,42,-7466.7,3765.16,6858.12,44.3733,-22.3757,-40.7566,TENTATIVE
48,43,-672.814,6694.62,996.675,-19.3327,192.363,28.6385,TENTATIVE
48.1,1,4596.17,5645.61,3005.37,65.2794,75.6464,0.0586316,CONFIRMED
48.1,3,4827.55,3193.27,3009.18,99.0438,-101.076,-0.508139,CONFIRMED
48.1,10,3011.35,6823.6,3005.82,0.94987,103.029,0.490346,CONFIRMED
48.1,36,4827,641.33,3012.01,100.184,-1.82176,1.14414,CONFIRMED
48.1,37,4837.57,597.025,3017.27,98.4823,2.32459,-0.741056,CONFIRMED
48.1,42,-7462.26,3762.92,6854.05,44.3733,-22.3757,-40.7566,TENTATIVE
48.1,43,-674.747,6713.85,999.539,-19.3327,192.363,28.6385,TENTATIVE
48.1,44,1182.86,9630.88,5534.19,4.22275,34.3816,19.7567,TENTATIVE
48.2,1,4601.21,5654.2,3005.72,64.6728,76.069,0.197362,CONFIRMED
48.2,3,4837.43,3183.15,3009.17,99.0326,-101.079,-0.486365,CONFIRMED
48.2,10,3011.39,6833.87,3005.99,0.928439,103.018,0.536584,CONFIRMED
48.2,36,4837.02,641.147,3012.12,100.184,-1.82176,1.14414,CONFIRMED
48.2,37,4847.46,597.22,3017.14,98.5003,2.30512,-0.766844,CONFIRMED
48.2,42,-7457.82,3760.69,6849.97,44.3733,-22.3757,-40.7566,TENTATIVE
48.2,43,-676.681,6733.09,1002.4,-19.3327,192.363,28.6385,TENTATIVE
48.2,44,1183.29,9634.32,5536.16,4.22275,34.3816,19.7567,TENTATIVE
48.4,1,4613.53,5670.21,3005.22,64.423,76.3831,-0.0144039,CONFIRMED
48.4,3,4856.9,3163.91,3008.61,98.8635,-100.599,-0.698354,CONFIRMED
48.4,10,3011.43,6854.38,3006.45,0.870001,102.989,0.662663,CONFIRMED
48.4,36,4857.05,640.989,3012.31,100.18,-1.70925,1.12724,CONFIRMED
48.4,37,4867.16,596.868,3017.14,98.5052,1.88521,-0.691346,CONFIRMED
48.4,42,-7448.95,3756.21,6841.82,44.3733,-22.3757,-40.7566,TENTATIVE
48.4,43,-680.547,6771.56,1008.13,-19.3327,192.363,28.6385,TENTATIVE
48.4,44,1184.13,9641.2,5540.11,4.22275,34.3816,19.7567,TENTATIVE
48.5,1,4619.68,5677.77,3005.81,64.3047,76.3584,0.217961,CONFIRMED
48.5,3,4867.11,3153.29,3008.6,99.0252,-100.884,-0.672065,CONFIRMED
48.5,10,3011.97,6864.47,3006.56,1.05185,102.903,0.679809,CONFIRMED
48.5,36,4867.5,640.109,3011.88,100.384,-2.0861,0.871791,CONFIRMED
48.5,37,4877.01,597.057,3017.07,98.5052,1.88521,-0.691346,CONFIRMED
48.5,42,-7444.51,3753.97,6837.74,44.3733,-22.3757,-40.7566,TENTATIVE
48.5,43,-682.48,6790.8,1010.99,-19.3327,192.363,28.6385,TENTATIVE
48.5,44,1184.55,9644.63,5542.09,4.22275,34.3816,19.7567,TENTATIVE
48.6,1,4625.41,5686.06,3005.67,64.0166,76.6256,0.15602,CONFIRMED
48.6,3,4877.01,3143.2,3008.54,99.0252,-100.884,-0.672065,CONFIRMED
48.6,10,3012.3,6874.83,3006.23,1.14154,102.931,0.526567,CONFIRMED
48.6,36,4877.58,639.407,3011.99,100.412,-2.35801,0.88408,CONFIRMED
48.6,37,4887.17,597.418,3016.47,98.6485,1.973,-0.943841,CONFIRMED
48.6,42,-7440.08,3751.74,6833.67,44.3733,-22.3757,-40.7566,TENTATIVE
48.6,43,-684.414,6810.03,1013.86,-19.3327,192.363,28.6385,TENTATIVE
48.6,44,1184.98,9648.07,5544.07,4.22275,34.3816,19.7567,TENTATIVE
48.7,1,4631.12,5694.03,3006.17,63.7354,76.754,0.349169,CONFIRMED
48.7,3,4886.81,3133.81,3007.92,98.9643,-100.537,-0.928232,CONFIRMED
48.7,10,3012.29,6884.74,3007.29,1.09381,102.781,0.921492,CONFIRMED
48.7,36,4887.74,639.813,3011.76,100.468,-2.00587,0.717157,CONFIRMED
48.7,37,4897.52,596.353,3015.83,98.889,1.32078,-1.20818,CONFIRMED
48.7,42,-7435.64,3749.5,6829.59,44.3733,-22.3757,-40.7566,TENTATIVE
48.7,43,-686.347,6829.27,1016.72,-19.3327,192.363,28.6385,TENTATIVE
48.7,44,1185.4,9651.51,5546.04,4.22275,34.3816,19.7567,TENTATIVE
48.9,1,4643.84,5709.52,3006.02,63.722,76.8081,0.266352,CONFIRMED
48.9,3,4906.66,3113.67,3007.67,99.0024,-100.575,-0.951339,CONFIRMED
48.9,10,3012.39,6905.21,3007.79,1.04648,102.749,1.04227,CONFIRMED
48.9,36,4907.73,638.84,3012.19,100.422,-2.31091,0.857903,CONFIRMED
48.9,37,4916.77,595.778,3016.61,98.6412,0.907375,-0.720056,CONFIRMED
48.9,42,-7426.76,3745.02,6821.44,44.3733,-22.3757,-40.7566,TENTATIVE
48.9,43,-690.214,6867.74,1022.45,-19.3327,192.363,28.6385,TENTATIVE
48.9,44,1186.24,9658.39,5549.99,4.22275,34.3816,19.7567,TENTATIVE
49,1,4649.39,5717.94,3005.93,63.3828,77.1089,0.219787,CONFIRMED
49,3,4916.52,3103.09,3008.18,98.9877,-100.827,-0.667757,CONFIRMED
49,10,3012.33,6915.67,3007.64,0.981051,102.82,0.943905,CONFIRMED
49,36,4917.51,638.321,3012.77,100.291,-2.46694,1.10562,CONFIRMED
49,37,4926.78,595.565,3016.36,98.7113,0.751842,-0.804002,CONFIRMED
49,42,-7422.33,3742.79,6817.36,44.3733,-22.3757,-40.7566,TENTATIVE
49,43,-692.147,6886.98,1025.31,-19.3327,192.363,28.6385,TENTATIVE
49,44,1186.67,9661.83,5551.97,4.22275,34.3816,19.7567,TENTATIVE
49.1,1,4657.32,5727.86,3006.92,64.0836,78.0737,0.642313,CONFIRMED
49.1,3,4929.69,3095.31,3010.23,101.365,-99.2843,0.812236,CONFIRMED
49.1,10,3012.73,6924.95,3007.15,0.278455,100.514,-0.112031,CONFIRMED
49.1,36,4927.92,638.538,3012.46,100.713,-2.18386,1.04302,CONFIRMED
49.1,37,4937.41,595.195,3016.1,100.002,0.634871,-0.322697,CONFIRMED
49.1,43,-694.08,6906.22,1028.18,-19.3327,192.363,28.6385,TENTATIVE
49.1,44,1187.09,9665.26,5553.94,4.22275,34.3816,19.7567,TENTATIVE
49.2,1,4663.72,5735.75,3006.85,64.0788,78.1062,0.586468,CONFIRMED
49.2,3,4940.87,3084.3,3009.69,101.862,-99.833,0.515785,CONFIRMED
49.2,10,3012.96,6935.13,3006.64,0.358032,100.562,-0.304684,CONFIRMED
49.2,36,4938.08,638.353,3012.41,100.76,-2.1664,0.961211,CONFIRMED
49.2,37,4947.01,595.817,3016.62,99.8125,0.920465,-0.0611572,CONFIRMED
49.2,43,-696.013,6925.45,1031.04,-19.3327,192.363,28.6385,TENTATIVE
49.2,44,1187.51,9668.7,5555.92,4.22275,34.3816,19.7567,TENTATIVE
49.4,1,4675.31,5751.93,3007.78,63.5932,78.3456,0.889932,CONFIRMED
49.4,3,4961.46,3064.36,3009.39,101.975,-99.8438,0.338018,CONFIRMED
49.4,10,3011.72,6955.5,3007.3,-0.156196,100.662,-0.0254463,CONFIRMED
49.4,36,4958.23,637.414,3012.71,100.762,-2.42792,1.01404,CONFIRMED
49.4,37,4967.41,595.402,3015.99,100.014,0.62206,-0.339816,CONFIRMED
49.4,43,-699.88,6963.92,1036.77,-19.3327,192.363,28.6385,TENTATIVE
49.4,44,1188.35,9675.58,5559.87,4.22275,34.3816,19.7567,TENTATIVE
49.5,1,4681.61,5759.59,3008.32,63.5685,78.2739,1.06826,CONFIRMED
49.5,3,4971.58,3054.19,3009.75,101.938,-99.9359,0.491164,CONFIRMED
49.5,10,3011.71,6965.56,3007.29,-0.156196,100.662,-0.0254463,CONFIRMED
49.5,36,4968.95,636.945,3011.8,101.074,-2.54308,0.515245,CONFIRMED
49.5,37,4977.19,595.987,3016.22,99.9061,0.887986,-0.212344,CONFIRMED
49.5,43,-701.813,6983.16,1039.63,-19.3327,192.363,28.6385,TENTATIVE
49.5,44,1188.78,9679.02,5561.85,4.22275,34.3816,19.7567,TENTATIVE
49.6,1,4688,5767.52,3008.16,63.5834,78.3166,0.961683,CONFIRMED
49.6,3,4981.57,3044.12,3010.22,101.841,-99.9677,0.684514,CONFIRMED
49.6,10,3011.82,6975.68,3007.04,-0.102972,100.682,-0.124036,CONFIRMED
49.6,36,4979.06,636.691,3011.85,101.074,-2.54308,0.515245,CONFIRMED
49.6,37,4987.29,595.624,3016.11,99.9598,0.658396,-0.256844,CONFIRMED
49.6,43,-703.746,7002.4,1042.5,-19.3327,192.363,28.6385,TENTATIVE
49.6,44,1189.2,9682.45,5563.82,4.22275,34.3816,19.7567,TENTATIVE
49.7,1,4694.21,5775.43,3008.34,63.5234,78.3481,0.995437,CONFIRMED
49.7,3,4991.57,3035.17,3009.54,101.746,-99.4577,0.336912,CONFIRMED
49.7,10,3012.34,6985.51,3007.05,0.110807,100.586,-0.113964,CONFIRMED
49.7,36,4989.95,636.904,3010.5,101.447,-2.29419,-0.161342,CONFIRMED
49.7,37,4997.2,597.247,3015.91,99.9139,1.44818,-0.336454,CONFIRMED
49.7,43,-705.68,7021.63,1045.36,-19.3327,192.363,28.6385,TENTATIVE
49.7,44,1189.62,9685.89,5565.8,4.22275,34.3816,19.7567,TENTATIVE
49.9,1,4707.83,5790.57,3008.13,63.88,78.133,0.849837,CONFIRMED
49.9,3,5011.46,3015.88,3009.77,101.521,-99.1572,0.415178,CONFIRMED
49.9,10,3012.61,7005.82,3006.35,0.198932,100.66,-0.375622,CONFIRMED
49.9,36,5010.45,636.895,3010.02,101.544,-2.06406,-0.372082,CONFIRMED
49.9,37,5016.92,598.505,3016.1,99.7766,1.93894,-0.204016,CONFIRMED
49.9,43,-709.546,7060.11,1051.09,-19.3327,192.363,28.6385,TENTATIVE
49.9,44,1190.47,9692.77,5569.75,4.22275,34.3816,19.7567,TENTATIVE
50,1,4713.88,5798.43,3008.66,63.742,78.1556,1.02358,CONFIRMED
50,3,5021.74,3006.47,3009.1,101.575,-98.9139,0.0819744,CONFIRMED
50,10,3012.89,7016.29,3005.09,0.298996,100.817,-0.844477,CONFIRMED
50,36,5020.25,636.354,3010.64,101.371,-2.2385,-0.0449273,CONFIRMED
50,37,5026.9,598.699,3016.08,99.7766,1.93894,-0.204016,CONFIRMED
50,43,-711.479,7079.34,1053.95,-19.3327,192.363,28.6385,TENTATIVE
50,44,1190.89,9696.21,5571.72,4.22275,34.3816,19.7567,TENTATIVE
50.1,1,4720.96,5808.56,3007.44,63.542,78.5029,0.178601,CONFIRMED
50.1,3,5031.08,2996.58,3008.94,101.075,-98.9589,-0.0619339,CONFIRMED
50.1,10,3014.32,7027.05,3005.53,0.049041,99.2104,-1.44606,CONFIRMED
50.1,36,5027.12,635.8,3008.61,101.72,-2.14391,0.160878,CONFIRMED
50.1,37,5034.12,598.804,3014.71,97.2309,1.7596,-1.56809,CONFIRMED
50.1,44,1191.31,9699.65,5573.7,4.22275,34.3816,19.7567,TENTATIVE
50.1,45,-5532.7,1128.76,4480.15,54.5848,-11.1362,-44.2005,TENTATIVE
50.1,46,317.394,977.478,843.576,10.5252,32.4144,27.974,TENTATIVE
50.2,1,4727.31,5816.41,3007.46,63.542,78.5029,0.178601,CONFIRMED
50.2,3,5041.19,2986.68,3008.93,101.075,-98.9589,-0.0619339,CONFIRMED
50.2,10,3013.8,7037.15,3005.49,-0.16161,99.2819,-1.40598,CONFIRMED
50.2,36,5036.84,635.239,3009.47,101.502,-2.33773,0.575658,CONFIRMED
50.2,37,5044.16,597.586,3014.3,97.3841,1.05127,-1.68928,CONFIRMED
50.2,44,1191.73,9703.08,5575.68,4.22275,34.3816,19.7567,TENTATIVE
50.2,45,-5527.24,1127.64,4475.73,54.5848,-11.1362,-44.2005,TENTATIVE
50.2,46,318.447,980.72,846.373,10.5252,32.4144,27.974,TENTATIVE
50.4,1,4740.56,5831.76,3007.33,63.7502,78.3654,0.116149,CONFIRMED
50.4,3,5061.4,2966.89,3008.92,101.075,-98.9589,-0.0619339,CONFIRMED
50.4,10,3016.57,7056.58,3003.41,0.945159,99.1096,-2.10476,CONFIRMED
50.4,36,5057.07,635.107,3009.62,101.471,-2.16555,0.591681,CONFIRMED
50.4,37,5063.44,597.53,3014.35,97.2937,0.917356,-1.50786,CONFIRMED
50.4,44,1192.58,9709.96,5579.63,4.22275,34.3816,19.7567,TENTATIVE
50.4,45,-5516.32,1125.42,4466.89,54.5848,-11.1362,-44.2005,TENTATIVE
50.4,46,320.552,987.202,851.968,10.5252,32.4144,27.974,TENTATIVE
50.5,1,4746.59,5839.96,3007.18,63.6096,78.5125,0.0512742,CONFIRMED
50.5,3,5071.51,2956.99,3008.91,101.075,-98.9589,-0.0619339,CONFIRMED
50.5,10,3016.66,7066.49,3003.2,0.945159,99.1096,-2.10476,CONFIRMED
50.5,36,5067.37,635.277,3009.35,101.541,-1.9817,0.432972,CONFIRMED
50.5,37,5073.06,597.962,3014.3,97.2452,1.09022,-1.45944,CONFIRMED
50.5,44,1193,9713.4,5581.6,4.22275,34.3816,19.7567,TENTATIVE
50.5,45,-5510.86,1124.3,4462.47,54.5848,-11.1362,-44.2005,TENTATIVE
50.5,46,321.605,990.444,854.765,10.5252,32.4144,27.974,TENTATIVE
50.6,1,4752.28,5848.48,3006.95,63.3354,78.7814,-0.0392391,CONFIRMED
50.6,3,5081.62,2947.1,3008.91,101.075,-98.9589,-0.0619339,CONFIRMED
50.6,10,3016.06,7076.03,3004.57,0.656989,98.9748,-1.49285,CONFIRMED
50.6,36,5077.52,635.079,3009.39,101.541,-1.9817,0.432972,CONFIRMED
50.6,37,5082.03,598.313,3015.38,96.8896,1.21665,-0.877214,CONFIRMED
50.6,44,1193.42,9716.84,5583.58,4.22275,34.3816,19.7567,TENTATIVE
50.6,45,-5505.4,1123.19,4458.05,54.5848,-11.1362,-44.2005,TENTATIVE
50.6,46,322.657,993.685,857.563,10.5252,32.4144,27.974,TENTATIVE
50.7,1,4758.92,5856.28,3006.59,63.4611,78.7497,-0.177924,CONFIRMED
50.7,3,5091.73,2937.2,3008.9,101.075,-98.9589,-0.0619339,CONFIRMED
50.7,10,3016.13,7085.92,3004.42,0.656989,98.9748,-1.49285,CONFIRMED
50.7,36,5087.96,635.237,3008.89,101.681,-1.80364,0.156334,CONFIRMED
50.7,37,5091.69,598.883,3015.27,96.8718,1.44374,-0.892151,CONFIRMED
50.7,44,1193.84,9720.27,5585.55,4.22275,34.3816,19.7567,TENTATIVE
50.7,45,-5499.95,1122.08,4453.63,54.5848,-11.1362,-44.2005,TENTATIVE
50.7,46,323.71,996.927,860.36,10.5252,32.4144,27.974,TENTATIVE
50.9,1,4771.09,5872.38,3006.72,63.2502,78.8886,-0.113917,CONFIRMED
50.9,3,5111.94,2917.41,3008.89,101.075,-98.9589,-0.0619339,CONFIRMED
50.9,10,3015.76,7105.77,3004.5,0.46093,98.9998,-1.3557,CONFIRMED
50.9,36,5107.68,634.544,3010.03,101.386,-1.97976,0.696804,CONFIRMED
50.9,37,5111.61,599.056,3014.19,97.119,1.38786,-1.30268,CONFIRMED
50.9,44,1194.69,9727.15,5589.51,4.22275,34.3816,19.7567,TENTATIVE
50.9,45,-5489.03,1119.85,4444.79,54.5848,-11.1362,-44.2005,TENTATIVE
50.9,46,325.815,1003.41,865.955,10.5252,32.4144,27.974,TENTATIVE
51,1,4777.05,5880.39,3007.04,63.1037,78.9415,0.0160137,CONFIRMED
51,3,5122.05,2907.51,3008.88,101.075,-98.9589,-0.0619339,CONFIRMED
51,10,3015.52,7115.79,3004.36,0.353451,99.0455,-1.35665,CONFIRMED
51,36,5117.82,634.346,3010.1,101.386,-1.97976,0.696804,CONFIRMED
51,37,5121.76,598.861,3013.37,97.3282,1.21703,-1.62538,CONFIRMED
51,44,1195.11,9730.59,5591.48,4.22275,34.3816,19.7567,TENTATIVE
51,45,-5483.57,1118.74,4440.37,54.5848,-11.1362,-44.2005,TENTATIVE
51,46,326.867,1006.65,868.752,10.5252,32.4144,27.974,TENTATIVE
51.1,1,4783.62,5888.44,3006.13,62.1214,77.6684,-1.01941,CONFIRMED
51.1,3,5132.16,2897.62,3008.88,101.075,-98.9589,-0.0619339,CONFIRMED
51.1,10,3015.76,7125.86,3004.41,0.081044,98.2812,-1.63527,CONFIRMED
51.1,36,5127.6,635.024,3010.17,100.185,-1.643,0.101607,CONFIRMED
51.1,37,5134.92,600.072,3013.82,101.373,2.03563,0.0798743,CONFIRMED
51.1,45,-5478.11,1117.62,4435.95,54.5848,-11.1362,-44.2005,TENTATIVE
51.1,46,327.92,1009.89,871.55,10.5252,32.4144,27.974,TENTATIVE
51.2,1,4790.23,5895.38,3007.02,62.2887,77.3381,-0.629927,CONFIRMED
51.2,3,5142.26,2887.72,3008.87,101.075,-98.9589,-0.0619339,CONFIRMED
51.2,10,3015.39,7135.93,3004.05,-0.0733555,98.3767,-1.71208,CONFIRMED
51.2,36,5137.62,634.86,3010.18,100.185,-1.643,0.101607,CONFIRMED
51.2,37,5145.47,600.124,3013.15,101.565,1.95732,-0.241078,CONFIRMED
51.2,45,-5472.65,1116.51,4431.53,54.5848,-11.1362,-44.2005,TENTATIVE
51.2,46,328.972,1013.13,874.347,10.5252,32.4144,27.974,TENTATIVE
51.4,1,4802.77,5910.64,3007.18,62.3241,77.2521,-0.515248,CONFIRMED
51.4,3,5162.48,2867.93,3008.86,101.075,-98.9589,-0.0619339,CONFIRMED
51.4,10,3015.32,7155.93,3002.98,-0.0781154,98.5021,-2.01158,CONFIRMED
51.4,36,5157.77,633.824,3010.15,100.246,-1.99846,0.0698887,CONFIRMED
51.4,37,5166.15,600.94,3012.38,101.728,2.1632,-0.566999,CONFIRMED
51.4,45,-5461.74,1114.28,4422.69,54.5848,-11.1362,-44.2005,TENTATIVE
51.4,46,331.077,1019.62,879.942,10.5252,32.4144,27.974,TENTATIVE
51.5,1,4809.9,5917.3,3007.79,62.6879,76.8276,-0.257527,CONFIRMED
51.5,3,5172.59,2858.04,3008.85,101.075,-98.9589,-0.0619339,CONFIRMED
51.5,10,3015.31,7165.78,3002.78,-0.0781154,98.5021,-2.01158,CONFIRMED
51.5,36,5168.12,633.497,3009.62,100.401,-2.06426,-0.186056,CONFIRMED
51.5,37,5176.16,601.657,3012.51,101.646,2.42915,-0.475923,CONFIRMED
51.5,45,-5456.28,1113.17,4418.27,54.5848,-11.1362,-44.2005,TENTATIVE
51.5,46,332.13,1022.86,882.74,10.5252,32.4144,27.974,TENTATIVE
51.6,1,4816.89,5924.75,3007.07,62.9897,76.7202,-0.532564,CONFIRMED
51.6,3,5182.69,2848.14,3008.85,101.075,-98.9589,-0.0619339,CONFIRMED
51.6,10,3015.52,7175.6,3002.44,0.00533923,98.4886,-2.06276,CONFIRMED
51.6,36,5177.57,633.761,3010.53,100.12,-1.82378,0.253792,CONFIRMED
51.6,37,5186.32,601.9,3012.46,101.646,2.42915,-0.475923,CONFIRMED
51.6,45,-5450.82,1112.05,4413.85,54.5848,-11.1362,-44.2005,TENTATIVE
51.6,46,333.182,1026.1,885.537,10.5252,32.4144,27.974,TENTATIVE
51.7,1,4823.19,5932.42,3007.01,62.9897,76.7202,-0.532564,CONFIRMED
51.7,3,5192.8,2838.24,3008.84,101.075,-98.9589,-0.0619339,CONFIRMED
51.7,10,3015.59,7185.44,3002.18,0.0346661,98.4846,-2.08258,CONFIRMED
51.7,36,5188.11,633.937,3009.57,100.365,-1.62922,-0.21516,CONFIRMED
51.7,37,5196.41,602.351,3012.51,101.61,2.5342,-0.434532,CONFIRMED
51.7,45,-5445.36,1110.94,4409.43,54.5848,-11.1362,-44.2005,TENTATIVE
51.7,46,334.235,1029.34,888.334,10.5252,32.4144,27.974,TENTATIVE
51.9,1,4836.29,5948.26,3005.13,63.1832,76.906,-1.21633,CONFIRMED
51.9,3,5213.02,2818.45,3008.83,101.075,-98.9589,-0.0619339,CONFIRMED
51.9,10,3015.5,7205.21,3001.68,-0.00714742,98.5138,-2.11125,CONFIRMED
51.9,36,5207.95,633.325,3009.98,100.261,-1.77249,-0.00239062,CONFIRMED
51.9,37,5216.52,602.534,3012.85,101.52,2.36499,-0.245108,CONFIRMED
51.9,45,-5434.44,1108.71,4400.59,54.5848,-11.1362,-44.2005,TENTATIVE
51.9,46,336.34,1035.82,893.929,10.5252,32.4144,27.974,TENTATIVE
52,1,4842.17,5956.29,3005.04,63.0068,77.043,-1.20384,CONFIRMED
52,3,5223.12,2808.56,3008.82,101.075,-98.9589,-0.0619339,CONFIRMED
52,10,3015.94,7214.68,3001.95,0.168979,98.3648,-1.92796,CONFIRMED
52,36,5217.64,633.035,3010.59,100.102,-1.82772,0.28535,CONFIRMED
52,37,5226.8,601.78,3012.8,101.584,1.86769,-0.256655,CONFIRMED
52,45,-5428.99,1107.6,4396.17,54.5848,-11.1362,-44.2005,TENTATIVE
52,46,337.392,1039.07,896.727,10.5252,32.4144,27.974,TENTATIVE
52,47,-6551.28,11616.2,1174.51,-65.0886,115.41,11.6691,TENTATIVE
52.1,1,4849.78,5964.53,3006.39,62.6894,76.2256,-1.15442,CONFIRMED
52.1,3,5233.23,2798.66,3008.82,101.075,-98.9589,-0.0619339,CONFIRMED
52.1,10,3016.15,7227.3,3002.84,-0.141072,98.5599,-1.8877,CONFIRMED
52.1,36,5226.37,632.787,3010.13,99.6411,-1.83567,0.146579,CONFIRMED
52.1,37,5234.18,601.568,3011.13,102.23,1.90656,0.119154,CONFIRMED
52.1,45,-5423.53,1106.49,4391.75,54.5848,-11.1362,-44.2005,TENTATIVE
52.1,46,338.445,1042.31,899.524,10.5252,32.4144,27.974,TENTATIVE
52.1,47,-6557.79,11627.8,1175.68,-65.0886,115.41,11.6691,TENTATIVE
52.2,1,4857.15,5971.3,3006.19,63.1339,75.8812,-1.18905,CONFIRMED
52.2,3,5243.34,2788.76,3008.81,101.075,-98.9589,-0.0619339,CONFIRMED
52.2,10,3015.74,7237.46,3002.33,-0.299101,98.6746,-2.01177,CONFIRMED
52.2,36,5236.7,632.913,3009.43,99.8213,-1.67403,-0.208024,CONFIRMED
52.2,37,5244.31,601.477,3011.37,102.186,1.76616,0.227092,CONFIRMED
52.2,45,-5418.07,1105.37,4387.33,54.5848,-11.1362,-44.2005,TENTATIVE
52.2,46,339.497,1045.55,902.321,10.5252,32.4144,27.974,TENTATIVE
52.2,47,-6564.3,11639.3,1176.85,-65.0886,115.41,11.6691,TENTATIVE
52.4,1,4869.22,5987.17,3005.48,62.9089,76.1523,-1.3677,CONFIRMED
52.4,3,5263.55,2768.97,3008.8,101.075,-98.9589,-0.0619339,CONFIRMED
52.4,10,3014.82,7257.16,3002.86,-0.635274,98.663,-1.64504,CONFIRMED
52.4,36,5256.61,632.727,3009.45,99.7953,-1.59938,-0.177476,CONFIRMED
52.4,37,5264.33,603.53,3011.8,102,2.60276,0.389071,CONFIRMED
52.4,45,-5407.15,1103.14,4378.49,54.5848,-11.1362,-44.2005,TENTATIVE
52.4,46,341.602,1052.03,907.916,10.5252,32.4144,27.974,TENTATIVE
52.4,47,-6577.32,11662.4,1179.18,-65.0886,115.41,11.6691,TENTATIVE
52.5,1,4875.76,5994.83,3004.84,63.004,76.1703,-1.56072,CONFIRMED
52.5,3,5273.66,2759.08,3008.79,101.075,-98.9589,-0.0619339,CONFIRMED
52.5,10,3015.43,7266.9,3002.33,-0.360745,98.609,-1.7884,CONFIRMED
52.5,36,5266.74,632.475,3009.19,99.8639,-1.6459,-0.289578,CONFIRMED
52.5,37,5274.63,603.549,3011.72,102.045,2.4828,0.334809,CONFIRMED
52.5,45,-5401.69,1102.03,4374.07,54.5848,-11.1362,-44.2005,TENTATIVE
52.5,46,342.655,1055.27,910.714,10.5252,32.4144,27.974,TENTATIVE
52.5,47,-6583.83,11673.9,1180.35,-65.0886,115.41,11.6691,TENTATIVE
52.6,1,4881.69,6002.43,3005.33,62.8586,76.1662,-1.31329,CONFIRMED
52.6,3,5283.77,2749.18,3008.78,101.075,-98.9589,-0.0619339,CONFIRMED
52.6,10,3015.39,7276.76,3002.15,-0.360745,98.609,-1.7884,CONFIRMED
52.6,36,5276.26,632.437,3009.96,99.6392,-1.58087,0.0954254,CONFIRMED
52.6,37,5284.74,603.11,3012.05,102.007,2.14474,0.470238,CONFIRMED
52.6,45,-5396.23,1100.92,4369.65,54.5848,-11.1362,-44.2005,TENTATIVE
52.6,46,343.707,1058.51,913.511,10.5252,32.4144,27.974,TENTATIVE
52.6,47,-6590.34,11685.5,1181.51,-65.0886,115.41,11.6691,TENTATIVE
52.7,1,4887.77,6010.33,3004.95,62.7772,76.2789,-1.40727,CONFIRMED
52.7,3,5293.87,2739.28,3008.78,101.075,-98.9589,-0.0619339,CONFIRMED
52.7,10,3014.89,7286.29,3003.25,-0.540876,98.476,-1.28085,CONFIRMED
52.7,36,5286.22,632.279,3009.97,99.6392,-1.58087,0.0954254,CONFIRMED
52.7,37,5294.81,604.019,3012.19,101.943,2.48704,0.513716,CONFIRMED
52.7,45,-5390.78,1099.8,4365.23,54.5848,-11.1362,-44.2005,TENTATIVE
52.7,46,344.76,1061.76,916.308,10.5252,32.4144,27.974,TENTATIVE
52.7,47,-6596.85,11697,1182.68,-65.0886,115.41,11.6691,TENTATIVE
52.9,1,4900.59,6025.21,3005,62.8913,76.122,-1.2778,CONFIRMED
52.9,3,5314.09,2719.49,3008.77,101.075,-98.9589,-0.0619339,CONFIRMED
52.9,10,3014.82,7306.01,3002.89,-0.526591,98.487,-1.322,CONFIRMED
52.9,36,5306.6,630.652,3009.47,99.8434,-2.22134,-0.132163,CONFIRMED
52.9,37,5314.77,604.973,3012.96,101.749,2.71103,0.813709,CONFIRMED
52.9,45,-5379.86,1097.58,4356.39,54.5848,-11.1362,-44.2005,TENTATIVE
52.9,46,346.865,1068.24,921.903,10.5252,32.4144,27.974,TENTATIVE
52.9,47,-6609.86,11720.1,1185.01,-65.0886,115.41,11.6691,TENTATIVE
53,1,4906.88,6032.83,3004.87,62.8913,76.122,-1.2778,CONFIRMED
53,3,5324.2,2709.6,3008.76,101.075,-98.9589,-0.0619339,CONFIRMED
53,10,3014.66,7315.46,3003.83,-0.564419,98.3346,-0.910156,CONFIRMED
53,36,5316.7,629.925,3009.36,99.897,-2.47263,-0.174428,CONFIRMED
53,37,5325.27,604.653,3012.59,101.898,2.42013,0.607662,CONFIRMED
53,45,-5374.4,1096.46,4351.97,54.5848,-11.1362,-44.2005,TENTATIVE
53,46,347.918,1071.48,924.701,10.5252,32.4144,27.974,TENTATIVE
53,47,-6616.37,11731.6,1186.18,-65.0886,115.41,11.6691,TENTATIVE
53.1,1,4913.64,6042.15,3005.5,64.0233,77.9698,-0.403526,CONFIRMED
53.1,10,3014.39,7325.96,3004.25,-0.00367224,100.169,-0.0697973,CONFIRMED
53.1,36,5324.71,630.022,3007.41,99.0565,-2.28111,-1.01235,CONFIRMED
53.1,37,5336.02,605.169,3013.6,101.351,2.46014,0.58115,CONFIRMED
53.1,47,-6622.88,11743.2,1187.35,-65.0886,115.41,11.6691,TENTATIVE
53.1,48,-8646.36,6224.49,4327.58,-118.209,85.0984,59.1648,TENTATIVE
53.2,1,4920.04,6049.95,3005.46,64.0233,77.9698,-0.403526,CONFIRMED
53.2,10,3015.01,7335.96,3003.67,0.235988,100.16,-0.288736,CONFIRMED
53.2,36,5335.01,630.227,3006.52,99.2415,-2.05936,-1.39429,CONFIRMED
53.2,37,5346.57,604.711,3013.05,101.543,2.11311,0.301674,CONFIRMED
53.2,47,-6629.39,11754.7,1188.52,-65.0886,115.41,11.6691,TENTATIVE
53.2,48,-8658.18,6233,4333.5,-118.209,85.0984,59.1648,TENTATIVE
53.4,1,4932.51,6065.84,3005.33,63.8942,78.084,-0.422148,CONFIRMED
53.4,10,3015.93,7355.49,3003.96,0.57948,99.9727,-0.166286,CONFIRMED
53.4,36,5354.69,630.905,3006.31,99.1607,-1.51957,-1.36056,CONFIRMED
53.4,37,5367.08,605.031,3012.78,101.632,2.07954,0.147528,CONFIRMED
53.4,47,-6642.41,11777.8,1190.85,-65.0886,115.41,11.6691,TENTATIVE
53.4,48,-8681.83,6250.02,4345.33,-118.209,85.0984,59.1648,TENTATIVE
53.5,1,4939.12,6073.61,3005,63.9789,78.0701,-0.53511,CONFIRMED
53.5,10,3014.94,7365.94,3003.88,0.169585,100.148,-0.190879,CONFIRMED
53.5,36,5364.62,631.014,3006.1,99.162,-1.37337,-1.39354,CONFIRMED
53.5,37,5377.24,605.239,3012.79,101.632,2.07954,0.147528,CONFIRMED
53.5,47,-6648.92,11789.3,1192.02,-65.0886,115.41,11.6691,TENTATIVE
53.5,48,-8693.65,6258.53,4351.25,-118.209,85.0984,59.1648,TENTATIVE
53.6,1,4945.3,6081.48,3005.19,63.8916,78.0952,-0.440918,CONFIRMED
53.6,10,3015.05,7375.66,3004.49,0.198335,100.04,0.0497833,CONFIRMED
53.6,36,5374.54,630.877,3005.96,99.162,-1.37337,-1.39354,CONFIRMED
53.6,37,5387.04,605.204,3013.5,101.468,1.96195,0.467892,CONFIRMED
53.6,47,-6655.43,11800.9,1193.18,-65.0886,115.41,11.6691,TENTATIVE
53.6,48,-8705.47,6267.04,4357.17,-118.209,85.0984,59.1648,TENTATIVE
53.7,1,4952.55,6088.56,3005.19,64.2355,77.8066,-0.422742,CONFIRMED
53.7,10,3015.07,7385.67,3004.5,0.198335,100.04,0.0497833,CONFIRMED
53.7,36,5384.37,630.829,3005.96,99.1177,-1.34045,-1.32052,CONFIRMED
53.7,37,5396.73,604.626,3014.53,101.262,1.58401,0.916352,CONFIRMED
53.7,47,-6661.94,11812.4,1194.35,-65.0886,115.41,11.6691,TENTATIVE
53.7,48,-8717.29,6275.55,4363.08,-118.209,85.0984,59.1648,TENTATIVE
53.9,1,4965.6,6103.43,3006.18,64.3152,77.5483,-0.0266658,CONFIRMED
53.9,10,3014.44,7405.82,3004.81,-0.0569004,100.097,0.163115,CONFIRMED
53.9,36,5403.99,630.197,3006.14,99.0188,-1.5263,-1.10295,CONFIRMED
53.9,37,5416.99,605.816,3014.54,101.26,1.99179,0.838494,CONFIRMED
53.9,47,-6674.95,11835.5,1196.68,-65.0886,115.41,11.6691,TENTATIVE
53.9,48,-8740.93,6292.57,4374.92,-118.209,85.0984,59.1648,TENTATIVE
54,1,4972.77,6110.71,3005.92,64.6067,77.3588,-0.124305,CONFIRMED
54,10,3013.41,7416.47,3004.28,-0.458424,100.343,-0.0431744,CONFIRMED
54,36,5413.89,630.044,3006.03,99.0188,-1.5263,-1.10295,CONFIRMED
54,37,5427.03,606.139,3014.74,101.223,2.05267,0.893327,CONFIRMED
54,47,-6681.46,11847,1197.85,-65.0886,115.41,11.6691,TENTATIVE
54,48,-8752.75,6301.08,4380.83,-118.209,85.0984,59.1648,TENTATIVE
54,49,-125.833,9586.84,6409.18,0.154152,-11.7443,-7.85156,TENTATIVE
54.1,1,4979.9,6118.18,3006,64.8269,77.2007,-0.115336,CONFIRMED
54.1,10,3013.71,7427.27,3003.57,-0.52717,100.143,-0.507511,CONFIRMED
54.1,36,5423.44,629.635,3006.61,98.8546,-1.64261,-0.781906,CONFIRMED
54.1,37,5436.09,605.581,3014.26,97.4955,1.32072,-1.16142,CONFIRMED
54.1,47,-6687.97,11858.6,1199.02,-65.0886,115.41,11.6691,TENTATIVE
54.1,48,-8764.57,6309.59,4386.75,-118.209,85.0984,59.1648,TENTATIVE
54.1,49,-125.818,9585.67,6408.4,0.154152,-11.7443,-7.85156,TENTATIVE
54.1,50,623.318,1810.97,1253.34,-26.4206,-76.7615,-53.1255,TENTATIVE
54.2,1,4985.79,6126.54,3005.65,64.5932,77.452,-0.242367,CONFIRMED
54.2,10,3013.99,7437.13,3003.57,-0.403776,100.091,-0.49977,CONFIRMED
54.2,36,5433.32,629.471,3006.53,98.8546,-1.64261,-0.781906,CONFIRMED
54.2,37,5445.76,605.324,3014.38,97.4591,1.13035,-1.05544,CONFIRMED
54.2,47,-6694.48,11870.1,1200.18,-65.0886,115.41,11.6691,TENTATIVE
54.2,48,-8776.39,6318.1,4392.67,-118.209,85.0984,59.1648,TENTATIVE
54.2,49,-125.803,9584.49,6407.61,0.154152,-11.7443,-7.85156,TENTATIVE
54.2,50,620.676,1803.29,1248.03,-26.4206,-76.7615,-53.1255,TENTATIVE
54.4,1,4998.73,6141.67,3006.29,64.6074,77.3172,0.0139271,CONFIRMED
54.4,10,3014.5,7456.69,3004.03,-0.167213,99.9139,-0.290101,CONFIRMED
54.4,36,5453.16,628.954,3006.29,98.8861,-1.72697,-0.821253,CONFIRMED
54.4,37,5465.08,605.297,3014.53,97.3809,1.02015,-0.888847,CONFIRMED
54.4,47,-6707.5,11893.2,1202.52,-65.0886,115.41,11.6691,TENTATIVE
54.4,48,-8800.04,6335.12,4404.5,-118.209,85.0984,59.1648,TENTATIVE
54.4,49,-125.772,9582.14,6406.04,0.154152,-11.7443,-7.85156,TENTATIVE
54.4,50,615.392,1787.94,1237.4,-26.4206,-76.7615,-53.1255,TENTATIVE
54.5,1,5004.49,6149.56,3007.16,64.3318,77.3833,0.342658,CONFIRMED
54.5,10,3014.34,7466.36,3004.95,-0.223116,99.7888,0.0817722,CONFIRMED
54.5,36,5463.3,628.894,3005.74,98.9999,-1.67285,-1.03856,CONFIRMED
54.5,37,5474.75,605.795,3014.47,97.3521,1.214,-0.874753,CONFIRMED
54.5,47,-6714.01,11904.8,1203.69,-65.0886,115.41,11.6691,TENTATIVE
54.5,48,-8811.86,6343.63,4410.41,-118.209,85.0984,59.1648,TENTATIVE
54.5,49,-125.756,9580.97,6405.25,0.154152,-11.7443,-7.85156,TENTATIVE
54.5,50,612.75,1780.26,1232.09,-26.4206,-76.7615,-53.1255,TENTATIVE
54.6,1,5010.23,6157.2,3008.54,64.06,77.3548,0.860954,CONFIRMED
54.6,10,3014.32,7476.33,3004.96,-0.223116,99.7888,0.0817722,CONFIRMED
54.6,36,5473.41,629.207,3005.15,99.0936,-1.43928,-1.25728,CONFIRMED
54.6,37,5484.6,607.227,3013.93,97.3956,1.85338,-1.08431,CONFIRMED
54.6,47,-6720.52,11916.3,1204.85,-65.0886,115.41,11.6691,TENTATIVE
54.6,48,-8823.68,6352.14,4416.33,-118.209,85.0984,59.1648,TENTATIVE
54.6,49,-125.741,9579.8,6404.47,0.154152,-11.7443,-7.85156,TENTATIVE
54.6,50,610.108,1772.58,1226.78,-26.4206,-76.7615,-53.1255,TENTATIVE
54.7,1,5016.64,6164.94,3008.63,64.06,77.3548,0.860954,CONFIRMED
54.7,10,3014.35,7485.97,3005.77,-0.198514,99.6591,0.38416,CONFIRMED
54.7,36,5483.26,629.078,3005.14,99.0587,-1.42893,-1.19553,CONFIRMED
54.7,37,5494.17,607.868,3014.04,97.317,2.07634,-0.984524,CONFIRMED
54.7,47,-6727.02,11927.8,1206.02,-65.0886,115.41,11.6691,TENTATIVE
54.7,48,-8835.5,6360.65,4422.25,-118.209,85.0984,59.1648,TENTATIVE
54.7,49,-125.725,9578.62,6403.68,0.154152,-11.7443,-7.85156,TENTATIVE
54.7,50,607.466,1764.91,1221.47,-26.4206,-76.7615,-53.1255,TENTATIVE
54.9,1,5029.9,6179.97,3008.94,64.2315,77.1882,0.917027,CONFIRMED
54.9,10,3013.22,7505.85,3007.06,-0.622236,99.6421,0.852285,CONFIRMED
54.9,36,5502.93,628.944,3005.11,98.9958,-1.35451,-1.09653,CONFIRMED
54.9,37,5513.95,609.053,3013.09,97.4626,2.43629,-1.32526,CONFIRMED
54.9,47,-6740.04,11950.9,1208.35,-65.0886,115.41,11.6691,TENTATIVE
54.9,48,-8859.14,6377.67,4434.08,-118.209,85.0984,59.1648,TENTATIVE
54.9,49,-125.695,9576.27,6402.11,0.154152,-11.7443,-7.85156,TENTATIVE
54.9,50,602.181,1749.56,1210.84,-26.4206,-76.7615,-53.1255,TENTATIVE
55,1,5036.6,6187.18,3009.62,64.3415,76.9902,1.1415,CONFIRMED
55,10,3013.16,7515.82,3007.15,-0.622236,99.6421,0.852285,CONFIRMED
55,36,5513.12,627.991,3004.66,99.1281,-1.75261,-1.25471,CONFIRMED
55,37,5523.98,608.843,3012.54,97.5909,2.2149,-1.51665,CONFIRMED
55,47,-6746.55,11962.5,1209.52,-65.0886,115.41,11.6691,TENTATIVE
55,48,-8870.96,6386.18,4440,-118.209,85.0984,59.1648,TENTATIVE
55,49,-125.679,9575.1,6401.33,0.154152,-11.7443,-7.85156,TENTATIVE
55,50,599.539,1741.88,1205.53,-26.4206,-76.7615,-53.1255,TENTATIVE
55,51,-2122.58,10023.8,4732.39,-24.7159,116.72,55.1052,TENTATIVE
55.1,1,5041.55,6192.03,3008.67,64.6678,76.9872,1.27272,CONFIRMED
55.1,10,3012.22,7525.4,3008.1,-0.7647,99.9633,1.37169,CONFIRMED
55.1,36,5525.94,627.852,3006.33,100.605,-1.73,-0.360944,CONFIRMED
55.1,37,5535.64,609.128,3013.63,97.7008,2.15368,-1.37483,CONFIRMED
55.1,48,-8882.78,6394.69,4445.91,-118.209,85.0984,59.1648,TENTATIVE
55.1,49,-125.664,9573.92,6400.54,0.154152,-11.7443,-7.85156,TENTATIVE
55.1,50,596.897,1734.2,1200.22,-26.4206,-76.7615,-53.1255,TENTATIVE
55.1,51,-2125.05,10035.5,4737.9,-24.7159,116.72,55.1052,TENTATIVE
55.2,1,5047.75,6199.94,3008.81,64.5654,77.0691,1.27598,CONFIRMED
55.2,10,3012.15,7535.4,3008.23,-0.7647,99.9633,1.37169,CONFIRMED
55.2,36,5536.21,627.71,3005.9,100.703,-1.71246,-0.550567,CONFIRMED
55.2,37,5545.54,608.765,3013.37,97.7609,1.8732,-1.43108,CONFIRMED
55.2,48,-8894.6,6403.2,4451.83,-118.209,85.0984,59.1648,TENTATIVE
55.2,49,-125.648,9572.75,6399.76,0.154152,-11.7443,-7.85156,TENTATIVE
55.2,50,594.255,1726.53,1194.9,-26.4206,-76.7615,-53.1255,TENTATIVE
55.2,51,-2127.52,10047.1,4743.41,-24.7159,116.72,55.1052,TENTATIVE
55.4,1,5060.69,6215.68,3008.33,64.5733,77.1974,0.992911,CONFIRMED
55.4,10,3013.04,7555.41,3007.42,-0.374048,99.968,0.968587,CONFIRMED
55.4,36,5555.84,627.47,3006.72,100.473,-1.6607,-0.127709,CONFIRMED
55.4,37,5565.13,608.188,3013.21,97.7794,1.42169,-1.37411,CONFIRMED
55.4,48,-8918.24,6420.22,4463.66,-118.209,85.0984,59.1648,TENTATIVE
55.4,49,-125.618,9570.4,6398.19,0.154152,-11.7443,-7.85156,TENTATIVE
55.4,50,588.971,1711.18,1184.28,-26.4206,-76.7615,-53.1255,TENTATIVE
55.4,51,-2132.46,10070.5,4754.43,-24.7159,116.72,55.1052,TENTATIVE
55.5,1,5067.15,6223.4,3008.43,64.5733,77.1974,0.992911,CONFIRMED
55.5,10,3013.77,7565.34,3006.92,-0.0754848,99.939,0.743352,CONFIRMED
55.5,36,5565.91,626.164,3006.91,100.491,-2.22559,-0.0438164,CONFIRMED
55.5,37,5575.32,608.589,3012.26,97.9611,1.54502,-1.74037,CONFIRMED
55.5,48,-8930.07,6428.73,4469.58,-118.209,85.0984,59.1648,TENTATIVE
55.5,49,-125.602,9569.23,6397.4,0.154152,-11.7443,-7.85156,TENTATIVE
55.5,50,586.329,1703.5,1178.97,-26.4206,-76.7615,-53.1255,TENTATIVE
55.5,51,-2134.94,10082.1,4759.94,-24.7159,116.72,55.1052,TENTATIVE
55.6,1,5074.43,6230.99,3007.42,64.9013,77.1342,0.565278,CONFIRMED
55.6,10,3013.75,7575.37,3006.9,-0.0816917,99.9543,0.71044,CONFIRMED
55.6,36,5575.96,625.942,3006.91,100.491,-2.22559,-0.0438164,CONFIRMED
55.6,37,5585.45,608.31,3011.55,98.1156,1.33507,-1.98776,CONFIRMED
55.6,48,-8941.89,6437.24,4475.5,-118.209,85.0984,59.1648,TENTATIVE
55.6,49,-125.587,9568.05,6396.62,0.154152,-11.7443,-7.85156,TENTATIVE
55.6,50,583.687,1695.82,1173.65,-26.4206,-76.7615,-53.1255,TENTATIVE
55.6,51,-2137.41,10093.8,4765.45,-24.7159,116.72,55.1052,TENTATIVE
55.7,1,5080.92,6238.7,3007.47,64.9013,77.1342,0.565278,CONFIRMED
55.7,10,3012.77,7585.82,3006.79,-0.456806,100.132,0.632435,CONFIRMED
55.7,36,5585.87,625.712,3007.17,100.428,-2.22833,0.0767625,CONFIRMED
55.7,37,5595.5,608.813,3010.82,98.2229,1.512,-2.22498,CONFIRMED
55.7,48,-8953.71,6445.75,4481.41,-118.209,85.0984,59.1648,TENTATIVE
55.7,49,-125.571,9566.88,6395.83,0.154152,-11.7443,-7.85156,TENTATIVE
55.7,50,581.045,1688.15,1168.34,-26.4206,-76.7615,-53.1255,TENTATIVE
55.7,51,-2139.88,10105.5,4770.96,-24.7159,116.72,55.1052,TENTATIVE
55.9,1,5094.42,6253.41,3008.2,65.1006,76.8603,0.798966,CONFIRMED
55.9,10,3013.05,7605.74,3006.84,-0.314071,100.088,0.601363,CONFIRMED
55.9,36,5606.03,625.295,3007.02,100.466,-2.20953,0.000224138,CONFIRMED
55.9,37,5614.61,609.947,3011.22,97.9863,1.90941,-1.86214,CONFIRMED
55.9,48,-8977.35,6462.77,4493.25,-118.209,85.0984,59.1648,TENTATIVE
55.9,49,-125.54,9564.53,6394.26,0.154152,-11.7443,-7.85156,TENTATIVE
55.9,50,575.761,1672.79,1157.72,-26.4206,-76.7615,-53.1255,TENTATIVE
55.9,51,-2144.82,10128.8,4781.99,-24.7159,116.72,55.1052,TENTATIVE
56,1,5101.54,6260.6,3008.27,65.3408,76.667,0.793961,CONFIRMED
56,10,3013.02,7615.74,3006.9,-0.314071,100.088,0.601363,CONFIRMED
56,36,5615.9,625.34,3007.3,100.385,-2.08061,0.126368,CONFIRMED
56,37,5624.58,610.758,3010.58,98.0631,2.20619,-2.06635,CONFIRMED
56,48,-8989.17,6471.28,4499.16,-118.209,85.0984,59.1648,TENTATIVE
56,49,-125.525,9563.35,6393.48,0.154152,-11.7443,-7.85156,TENTATIVE
56,50,573.119,1665.12,1152.4,-26.4206,-76.7615,-53.1255,TENTATIVE
56,51,-2147.29,10140.5,4787.5,-24.7159,116.72,55.1052,TENTATIVE
56,52,1181.24,12477.6,4917.84,15.2849,161.457,63.6357,TENTATIVE
56.1,1,5105.63,6266.09,3007.37,63.0933,74.2317,-0.33945,CONFIRMED
56.1,10,3012.33,7623.4,3005.34,-0.649603,98.9625,-0.091417,CONFIRMED
56.1,36,5628.17,625.236,3008.1,101.635,-2.01355,0.602478,CONFIRMED
56.1,37,5635.79,611.347,3011.18,99.0991,2.421,-1.49384,CONFIRMED
56.1,49,-125.51,9562.18,6392.69,0.154152,-11.7443,-7.85156,TENTATIVE
56.1,50,570.477,1657.44,1147.09,-26.4206,-76.7615,-53.1255,TENTATIVE
56.1,51,-2149.77,10152.2,4793.01,-24.7159,116.72,55.1052,TENTATIVE
56.1,52,1182.77,12493.7,4924.2,15.2849,161.457,63.6357,TENTATIVE
56.2,1,5112.23,6273.16,3007.58,63.2083,74.0958,-0.249765,CONFIRMED
56.2,10,3012.27,7633.3,3005.33,-0.649603,98.9625,-0.091417,CONFIRMED
56.2,36,5638.37,624.564,3008.18,101.654,-2.23958,0.612669,CONFIRMED
56.2,37,5645.62,611.242,3011.25,99.0662,2.25516,-1.39671,CONFIRMED
56.2,49,-125.494,9561.01,6391.91,0.154152,-11.7443,-7.85156,TENTATIVE
56.2,50,567.835,1649.77,1141.78,-26.4206,-76.7615,-53.1255,TENTATIVE
56.2,51,-2152.24,10163.9,4798.52,-24.7159,116.72,55.1052,TENTATIVE
56.2,52,1184.3,12509.9,4930.57,15.2849,161.457,63.6357,TENTATIVE
56.4,1,5124.53,6288.05,3007.96,63.0786,74.1268,-0.0906929,CONFIRMED
56.4,10,3009.64,7653.42,3006.98,-1.6218,99.0943,0.541374,CONFIRMED
56.4,36,5658.56,623.587,3008.67,101.595,-2.48723,0.77747,CONFIRMED
56.4,37,5666.07,611.716,3009.76,99.3456,2.26022,-1.93349,CONFIRMED
56.4,49,-125.463,9558.66,6390.34,0.154152,-11.7443,-7.85156,TENTATIVE
56.4,50,562.551,1634.41,1131.15,-26.4206,-76.7615,-53.1255,TENTATIVE
56.4,51,-2157.18,10187.2,4809.54,-24.7159,116.72,55.1052,TENTATIVE
56.4,52,1187.35,12542.2,4943.29,15.2849,161.457,63.6357,TENTATIVE
56.5,1,5131.02,6295.21,3008.17,63.1501,74.0296,-0.00819109,CONFIRMED
56.5,10,3009.48,7663.33,3007.03,-1.6218,99.0943,0.541374,CONFIRMED
56.5,36,5669.08,623.38,3008.07,101.754,-2.46857,0.469601,CONFIRMED
56.5,37,5675.87,612.984,3009.6,99.2831,2.77117,-1.91826,CONFIRMED
56.5,49,-128.6,9572.45,6367.1,-1.08803,-5.8467,-16.6976,TENTATIVE
56.5,50,559.908,1626.74,1125.84,-26.4206,-76.7615,-53.1255,TENTATIVE
56.5,51,-2159.65,10198.9,4815.05,-24.7159,116.72,55.1052,TENTATIVE
56.5,52,1188.88,12558.3,4949.66,15.2849,161.457,63.6357,TENTATIVE
56.6,1,5137.94,6302,3008.42,63.3833,73.7951,0.0859597,CONFIRMED
56.6,10,3009.45,7673.41,3006.52,-1.57219,99.1561,0.331607,CONFIRMED
56.6,36,5679.53,622.285,3007.77,101.883,-2.86824,0.305473,CONFIRMED
56.6,37,5685.8,613.261,3009.41,99.2831,2.77117,-1.91826,CONFIRMED
56.6,49,-128.709,9571.86,6365.43,-1.08803,-5.8467,-16.6976,TENTATIVE
56.6,50,557.266,1619.06,1120.53,-26.4206,-76.7615,-53.1255,TENTATIVE
56.6,51,-2162.12,10210.5,4820.56,-24.7159,116.72,55.1052,TENTATIVE
56.6,52,1190.41,12574.5,4956.02,15.2849,161.457,63.6357,TENTATIVE
56.7,1,5143.9,6309.81,3008.19,63.2314,73.9587,0.00170625,CONFIRMED
56.7,10,3009.09,7683.54,3006.21,-1.64957,99.236,0.202684,CONFIRMED
56.7,36,5689.71,621.998,3007.8,101.883,-2.86824,0.305473,CONFIRMED
56.7,37,5695.76,613.308,3009.21,99.2967,2.66126,-1.9217,CONFIRMED
56.7,49,-128.818,9571.28,6363.76,-1.08803,-5.8467,-16.6976,TENTATIVE
56.7,50,554.624,1611.39,1115.22,-26.4206,-76.7615,-53.1255,TENTATIVE
56.7,51,-2164.6,10222.2,4826.07,-24.7159,116.72,55.1052,TENTATIVE
56.7,52,1191.94,12590.6,4962.39,15.2849,161.457,63.6357,TENTATIVE
56.9,1,5156.6,6324.58,3008.14,63.2569,73.9463,-0.0161475,CONFIRMED
56.9,10,3008.59,7703.58,3005.93,-1.71329,99.3014,0.0973204,CONFIRMED
56.9,36,5709.67,621.884,3008.57,101.702,-2.64888,0.606432,CONFIRMED
56.9,37,5715.04,613.003,3010.09,99.0529,2.27051,-1.37607,CONFIRMED
56.9,49,-129.036,9570.11,6360.42,-1.08803,-5.8467,-16.6976,TENTATIVE
56.9,50,549.34,1596.03,1104.59,-26.4206,-76.7615,-53.1255,TENTATIVE
56.9,51,-2169.54,10245.6,4837.09,-24.7159,116.72,55.1052,TENTATIVE
56.9,52,1195,12622.9,4975.11,15.2849,161.457,63.6357,TENTATIVE
57,1,5162.92,6331.97,3008.13,63.2569,73.9463,-0.0161475,CONFIRMED
57,10,3008.12,7713.72,3005.69,-1.82776,99.3823,0.00314943,CONFIRMED
57,36,5719.64,620.913,3009.15,101.615,-2.98524,0.842988,CONFIRMED
57,37,5724.69,613.131,3010.47,98.9368,2.22463,-1.1451,CONFIRMED
57,49,-129.144,9569.53,6358.75,-1.08803,-5.8467,-16.6976,TENTATIVE
57,50,546.698,1588.36,1099.28,-26.4206,-76.7615,-53.1255,TENTATIVE
57,51,-2172.01,10257.2,4842.6,-24.7159,116.72,55.1052,TENTATIVE
57,52,1196.52,12639.1,4981.48,15.2849,161.457,63.6357,TENTATIVE
57,53,2069.35,784.378,1170.79,-124.982,-47.374,-70.7123,TENTATIVE
57.1,1,5171.41,6344.05,3008.85,63.4434,74.9612,-0.113378,CONFIRMED
57.1,10,3008.04,7723.53,3005.23,-1.2942,100.608,0.328162,CONFIRMED
57.1,36,5726.83,620.575,3007.35,99.5854,-3.06613,-0.350828,CONFIRMED
57.1,37,5734.68,613.395,3011.02,99.2485,2.27236,-0.709296,CONFIRMED
57.1,51,-2174.48,10268.9,4848.11,-24.7159,116.72,55.1052,TENTATIVE
57.1,52,1198.05,12655.2,4987.84,15.2849,161.457,63.6357,TENTATIVE
57.1,53,2056.85,779.641,1163.72,-124.982,-47.374,-70.7123,TENTATIVE
57.2,1,5177.75,6351.55,3008.84,63.4434,74.9612,-0.113378,CONFIRMED
57.2,10,3007.91,7733.6,3005.26,-1.2942,100.608,0.328162,CONFIRMED
57.2,36,5736.91,620.568,3007.03,99.6362,-2.92358,-0.479166,CONFIRMED
57.2,37,5744.2,614.258,3011.59,99.0694,2.57524,-0.421304,CONFIRMED
57.2,51,-2176.95,10280.6,4853.62,-24.7159,116.72,55.1052,TENTATIVE
57.2,52,1199.58,12671.4,4994.2,15.2849,161.457,63.6357,TENTATIVE
57.2,53,2044.35,774.904,1156.65,-124.982,-47.374,-70.7123,TENTATIVE
57.4,1,5190.26,6366.98,3008.19,63.3795,75.1233,-0.349635,CONFIRMED
57.4,10,3007.95,7753.54,3005.48,-1.17813,100.542,0.383845,CONFIRMED
57.4,36,5756.38,621.163,3007.57,99.4314,-2.35224,-0.197373,CONFIRMED
57.4,37,5763.93,614.65,3011.69,99.0419,2.5087,-0.353677,CONFIRMED
57.4,51,-2181.9,10303.9,4864.64,-24.7159,116.72,55.1052,TENTATIVE
57.4,52,1202.64,12703.6,5006.93,15.2849,161.457,63.6357,TENTATIVE
57.4,53,2019.36,765.429,1142.51,-124.982,-47.374,-70.7123,TENTATIVE
57.5,1,5195.49,6375.75,3007.43,62.938,75.616,-0.633862,CONFIRMED
57.5,10,3008.81,7763.22,3005.52,-0.807122,100.401,0.384184,CONFIRMED
57.5,36,5766.32,620.928,3007.55,99.4314,-2.35224,-0.197373,CONFIRMED
57.5,37,5773.96,614.876,3011.42,99.095,2.49654,-0.454627,CONFIRMED
57.5,51,-2184.37,10315.6,4870.15,-24.7159,116.72,55.1052,TENTATIVE
57.5,52,1204.17,12719.8,5013.29,15.2849,161.457,63.6357,TENTATIVE
57.5,53,2006.86,760.691,1135.44,-124.982,-47.374,-70.7123,TENTATIVE
57.6,1,5201.47,6383.13,3008.3,62.8172,75.5467,-0.273543,CONFIRMED
57.6,10,3009.11,7773.1,3005.59,-0.66288,100.34,0.397963,CONFIRMED
57.6,36,5776.34,620.7,3007.39,99.4653,-2.34871,-0.264063,CONFIRMED
57.6,37,5783.8,615.435,3011.45,99.063,2.64298,-0.422432,CONFIRMED
57.6,51,-2186.84,10327.3,4875.66,-24.7159,116.72,55.1052,TENTATIVE
57.6,52,1205.69,12735.9,5019.66,15.2849,161.457,63.6357,TENTATIVE
57.6,53,1994.36,755.954,1128.37,-124.982,-47.374,-70.7123,TENTATIVE
57.7,1,5208.57,6390.39,3007.49,63.1386,75.4257,-0.576536,CONFIRMED
57.7,10,3008.94,7783.27,3005.37,-0.701613,100.391,0.302712,CONFIRMED
57.7,36,5786.22,620.917,3007.4,99.4334,-2.13405,-0.246223,CONFIRMED
57.7,37,5793.2,615.853,3012.35,98.8392,2.71716,-0.00220166,CONFIRMED
57.7,51,-2189.31,10338.9,4881.17,-24.7159,116.72,55.1052,TENTATIVE
57.7,52,1207.22,12752.1,5026.02,15.2849,161.457,63.6357,TENTATIVE
57.7,53,1981.86,751.217,1121.3,-124.982,-47.374,-70.7123,TENTATIVE
57.9,1,5221.05,6406.14,3006.19,63.0806,75.6783,-1.01647,CONFIRMED
57.9,10,3009.55,7803.35,3004.68,-0.428642,100.388,0.0385147,CONFIRMED
57.9,36,5806.44,619.341,3006.94,99.5844,-2.67674,-0.427761,CONFIRMED
57.9,37,5812.31,617.214,3013.46,98.5311,3.11667,0.514328,CONFIRMED
57.9,51,-2194.25,10362.3,4892.2,-24.7159,116.72,55.1052,TENTATIVE
57.9,52,1210.28,12784.4,5038.75,15.2849,161.457,63.6357,TENTATIVE
57.9,53,1956.87,741.742,1107.15,-124.982,-47.374,-70.7123,TENTATIVE
58,1,5226.34,6414.62,3005.92,62.6915,76.0242,-1.07742,CONFIRMED
58,10,3009.3,7813.29,3005.14,-0.504492,100.353,0.206589,CONFIRMED
58,36,5816.39,618.451,3007.04,99.5831,-2.96876,-0.365227,CONFIRMED
58,37,5822.16,617.526,3013.51,98.5311,3.11667,0.514328,CONFIRMED
58,51,-2196.73,10373.9,4897.71,-24.7159,116.72,55.1052,TENTATIVE
58,52,1211.81,12800.5,5045.11,15.2849,161.457,63.6357,TENTATIVE
58,53,1944.37,737.004,1100.08,-124.982,-47.374,-70.7123,TENTATIVE
58,54,4498.79,3124.07,445.298,119.902,83.2626,11.8681,TENTATIVE
58.1,1,5233.6,6424.66,3006.14,63.9458,78.0324,-0.44923,CONFIRMED
58.1,10,3009.22,7822.85,3006.44,-0.506745,100.173,0.679618,CONFIRMED
58.1,36,5825.22,619.079,3006.6,100.226,-2.4099,0.0546632,CONFIRMED
58.1,37,5833.43,617.295,3015.32,99.7758,2.92129,1.60452,CONFIRMED
58.1,52,1213.34,12816.7,5051.48,15.2849,161.457,63.6357,TENTATIVE
58.1,53,1931.87,732.267,1093.01,-124.982,-47.374,-70.7123,TENTATIVE
58.1,54,4510.78,3132.39,446.485,119.902,83.2626,11.8681,TENTATIVE
58.2,1,5239.57,6432.47,3006.83,63.788,78.0375,-0.178998,CONFIRMED
58.2,10,3009.17,7832.86,3006.51,-0.506745,100.173,0.679618,CONFIRMED
58.2,36,5835.57,619.066,3005.91,100.376,-2.29677,-0.267478,CONFIRMED
58.2,37,5843.37,616.98,3015.68,99.7615,2.63608,1.69183,CONFIRMED
58.2,52,1214.87,12832.8,5057.84,15.2849,161.457,63.6357,TENTATIVE
58.2,53,1919.37,727.53,1085.94,-124.982,-47.374,-70.7123,TENTATIVE
58.2,54,4522.77,3140.72,447.671,119.902,83.2626,11.8681,TENTATIVE
58.4,1,5252.15,6448.72,3005.72,63.7148,78.2788,-0.575267,CONFIRMED
58.4,10,3010.59,7852.86,3005.23,0.0517489,100.153,0.171489,CONFIRMED
58.4,36,5856.1,619.11,3004.87,100.573,-2.06485,-0.705002,CONFIRMED
58.4,37,5863.81,616.611,3015.24,99.9693,2.24091,1.36167,CONFIRMED
58.4,52,1217.92,12865.1,5070.57,15.2849,161.457,63.6357,TENTATIVE
58.4,53,1894.37,718.055,1071.8,-124.982,-47.374,-70.7123,TENTATIVE
58.4,54,4546.75,3157.37,450.045,119.902,83.2626,11.8681,TENTATIVE
58.5,1,5259.19,6456.26,3005.12,63.9719,78.1637,-0.78095,CONFIRMED
58.5,10,3010.81,7862.78,3005.26,0.132774,100.12,0.17779,CONFIRMED
58.5,36,5866.15,619.376,3004.72,100.567,-1.84574,-0.738886,CONFIRMED
58.5,37,5874.03,616.692,3014.98,100.065,2.17315,1.18543,CONFIRMED
58.5,52,1219.45,12881.2,5076.93,15.2849,161.457,63.6357,TENTATIVE
58.5,53,1881.88,713.317,1064.73,-124.982,-47.374,-70.7123,TENTATIVE
58.5,54,4558.74,3165.7,451.232,119.902,83.2626,11.8681,TENTATIVE
58.6,1,5265.59,6464.07,3005.05,63.9719,78.1637,-0.78095,CONFIRMED
58.6,10,3011.24,7872.74,3005.01,0.28621,100.099,0.0787054,CONFIRMED
58.6,36,5876.26,618.076,3004.76,100.595,-2.34716,-0.690219,CONFIRMED
58.6,37,5884.25,616.752,3014.71,100.16,2.09869,1.01331,CONFIRMED
58.6,52,1220.98,12897.4,5083.29,15.2849,161.457,63.6357,TENTATIVE
58.6,53,1869.38,708.58,1057.65,-124.982,-47.374,-70.7123,TENTATIVE
58.6,54,4570.73,3174.02,452.419,119.902,83.2626,11.8681,TENTATIVE
58.7,1,5272.54,6471.2,3005.47,64.1866,77.9039,-0.596499,CONFIRMED
58.7,10,3011.99,7882.51,3004.93,0.556548,100.007,0.0479397,CONFIRMED
58.7,36,5886.32,617.841,3004.69,100.595,-2.34716,-0.690219,CONFIRMED
58.7,37,5894.02,617.026,3015.28,100.053,2.13429,1.21814,CONFIRMED
58.7,52,1222.51,12913.5,5089.66,15.2849,161.457,63.6357,TENTATIVE
58.7,53,1856.88,703.843,1050.58,-124.982,-47.374,-70.7123,TENTATIVE
58.7,54,4582.72,3182.35,453.605,119.902,83.2626,11.8681,TENTATIVE
58.9,1,5285.22,6486.43,3006.38,64.1326,77.7737,-0.217631,CONFIRMED
58.9,10,3012.3,7902.31,3005.26,0.640264,99.9362,0.15058,CONFIRMED
58.9,36,5906.28,616.562,3005.04,100.528,-2.69238,-0.487289,CONFIRMED
58.9,37,5914.61,616.731,3014.53,100.311,1.79545,0.777861,CONFIRMED
58.9,52,1225.57,12945.8,5102.38,15.2849,161.457,63.6357,TENTATIVE
58.9,53,1831.88,694.368,1036.44,-124.982,-47.374,-70.7123,TENTATIVE
58.9,54,4606.7,3199,455.979,119.902,83.2626,11.8681,TENTATIVE
59,1,5291.46,6494.2,3006.67,64.0684,77.7726,-0.10158,CONFIRMED
59,10,3012.43,7912.33,3005.14,0.664439,99.9455,0.101971,CONFIRMED
59,36,5916.27,615.846,3005.2,100.503,-2.89831,-0.39607,CONFIRMED
59,37,5924.36,617.179,3015.1,100.187,1.92151,0.997243,CONFIRMED
59,52,1227.09,12962,5108.75,15.2849,161.457,63.6357,TENTATIVE
59,53,1819.39,689.63,1029.37,-124.982,-47.374,-70.7123,TENTATIVE
59,54,4618.69,3207.33,457.166,119.902,83.2626,11.8681,TENTATIVE
59,55,-6255.49,6041.49,1782.62,-92.1093,88.9583,26.2483,TENTATIVE
59.1,1,5300.09,6504.04,3007.11,64.1308,77.5991,-0.373441,CONFIRMED
59.1,10,3011.81,7920.46,3004.88,1.03129,100.867,0.622223,CONFIRMED
59.1,36,5927.89,615.712,3005.63,101.744,-2.77439,0.0873548,CONFIRMED
59.1,37,5930.93,616.962,3014.28,98.7008,1.74656,0.62847,CONFIRMED
59.1,53,1806.89,684.893,1022.3,-124.982,-47.374,-70.7123,TENTATIVE
59.1,54,4630.69,3215.65,458.353,119.902,83.2626,11.8681,TENTATIVE
59.1,55,-6264.7,6050.38,1785.25,-92.1093,88.9583,26.2483,TENTATIVE
59.2,1,5306.77,6511.78,3006.62,64.2274,77.5973,-0.543544,CONFIRMED
59.2,10,3011.91,7930.55,3004.94,1.03129,100.867,0.622223,CONFIRMED
59.2,36,5938.34,615.034,3005.17,101.865,-2.96034,-0.119369,CONFIRMED
59.2,37,5940.99,617.554,3013.88,98.7826,1.94007,0.423633,CONFIRMED
59.2,53,1794.39,680.156,1015.23,-124.982,-47.374,-70.7123,TENTATIVE
59.2,54,4642.68,3223.98,459.539,119.902,83.2626,11.8681,TENTATIVE
59.2,55,-6273.91,6059.28,1787.87,-92.1093,88.9583,26.2483,TENTATIVE
59.4,1,5319.83,6526.75,3007.34,64.3116,77.3912,-0.240149,CONFIRMED
59.4,10,3011.84,7951.03,3004.52,0.919378,100.984,0.418624,CONFIRMED
59.4,36,5958.86,614.437,3004.87,101.922,-2.95742,-0.235225,CONFIRMED
59.4,37,5960.61,618.953,3014.05,98.7164,2.39654,0.462696,CONFIRMED
59.4,53,1769.39,670.681,1001.08,-124.982,-47.374,-70.7123,TENTATIVE
59.4,54,4666.66,3240.63,461.913,119.902,83.2626,11.8681,TENTATIVE
59.4,55,-6292.33,6077.07,1793.12,-92.1093,88.9583,26.2483,TENTATIVE
59.5,1,5326.26,6534.49,3007.31,64.3116,77.3912,-0.240149,CONFIRMED
59.5,10,3012.63,7961.01,3004.16,1.1912,100.938,0.269579,CONFIRMED
59.5,36,5968.97,614.152,3005,101.888,-2.95238,-0.168118,CONFIRMED
59.5,37,5970.25,619.472,3014.48,98.6178,2.52728,0.634106,CONFIRMED
59.5,53,1756.89,665.943,994.014,-124.982,-47.374,-70.7123,TENTATIVE
59.5,54,4678.65,3248.96,463.1,119.902,83.2626,11.8681,TENTATIVE
59.5,55,-6301.54,6085.97,1795.75,-92.1093,88.9583,26.2483,TENTATIVE
59.6,1,5332.62,6542.29,3007.29,64.2853,77.4124,-0.23953,CONFIRMED
59.6,10,3012.75,7971.11,3004.19,1.1912,100.938,0.269579,CONFIRMED
59.6,36,5979.16,613.857,3004.98,101.888,-2.95238,-0.168118,CONFIRMED
59.6,37,5980.39,620.303,3013.89,98.7389,2.79949,0.334917,CONFIRMED
59.6,53,1744.4,661.206,986.943,-124.982,-47.374,-70.7123,TENTATIVE
59.6,54,4690.64,3257.29,464.287,119.902,83.2626,11.8681,TENTATIVE
59.6,55,-6310.75,6094.86,1798.37,-92.1093,88.9583,26.2483,TENTATIVE
59.7,1,5338.94,6549.6,3008.4,64.2469,77.2552,0.175685,CONFIRMED
59.7,10,3012.37,7981.47,3004,1.00458,101.037,0.190018,CONFIRMED
59.7,36,5989.18,615.235,3004.96,101.812,-2.17065,-0.173635,CONFIRMED
59.7,37,5990.26,620.583,3013.92,98.7389,2.79949,0.334917,CONFIRMED
59.7,53,1731.9,656.469,979.871,-124.982,-47.374,-70.7123,TENTATIVE
59.7,54,4702.63,3265.61,465.473,119.902,83.2626,11.8681,TENTATIVE
59.7,55,-6319.97,6103.76,1801,-92.1093,88.9583,26.2483,TENTATIVE
59.9,1,5352.07,6564.91,3008.24,64.3481,77.2039,0.107143,CONFIRMED
59.9,10,3014.11,8000.93,3004.5,1.57869,100.764,0.350212,CONFIRMED
59.9,36,6009.78,614.835,3004.44,101.916,-2.15594,-0.385958,CONFIRMED
59.9,37,6010.37,619.947,3013.51,98.8887,2.25678,0.145945,CONFIRMED
59.9,53,1706.9,646.994,965.729,-124.982,-47.374,-70.7123,TENTATIVE
59.9,54,4726.61,3282.26,467.847,119.902,83.2626,11.8681,TENTATIVE
59.9,55,-6338.39,6121.55,1806.25,-92.1093,88.9583,26.2483,TENTATIVE
60,1,5358.45,6572.66,3008.27,64.33,77.2148,0.11563,CONFIRMED
60,10,3013.39,8011.08,3005.2,1.24974,100.796,0.594227,CONFIRMED
60,36,6019.87,614.712,3004.58,101.874,-2.11353,-0.310042,CONFIRMED
60,37,6020.26,620.173,3013.52,98.8887,2.25678,0.145945,CONFIRMED
60,53,1694.4,642.256,958.658,-124.982,-47.374,-70.7123,TENTATIVE
60,54,4738.6,3290.59,469.034,119.902,83.2626,11.8681,TENTATIVE
60,55,-6347.6,6130.45,1808.87,-92.1093,88.9583,26.2483,TENTATIVE
60,56,5839.03,6637.54,1120.87,72.0537,81.9074,13.8315,TENTATIVE
60.1,1,5366.78,6581.42,3009.88,65.5887,78.254,1.00167,CONFIRMED
60.1,10,3013.69,8021.06,3005.17,0.755258,99.261,0.00221011,CONFIRMED
60.1,36,6029.23,614.955,3004.53,99.1484,-2.14598,-1.49563,CONFIRMED
60.1,37,6028.97,619.913,3011.97,96.8743,1.88217,-1.2834,CONFIRMED
60.1,54,4750.59,3298.92,470.221,119.902,83.2626,11.8681,TENTATIVE
60.1,55,-6356.81,6139.34,1811.5,-92.1093,88.9583,26.2483,TENTATIVE
60.1,56,5846.23,6645.73,1122.25,72.0537,81.9074,13.8315,TENTATIVE
60.2,1,5373.95,6588.95,3009.54,65.8261,78.135,0.834603,CONFIRMED
60.2,10,3013.78,8031.22,3004.52,0.75879,99.3459,-0.233256,CONFIRMED
60.2,36,6039.36,614.681,3003.95,99.2408,-2.17356,-1.68032,CONFIRMED
60.2,37,6039.24,619.289,3010.85,97.1246,1.50595,-1.71876,CONFIRMED
60.2,54,4762.58,3307.24,471.407,119.902,83.2626,11.8681,TENTATIVE
60.2,55,-6366.02,6148.24,1814.12,-92.1093,88.9583,26.2483,TENTATIVE
60.2,56,5853.44,6653.92,1123.63,72.0537,81.9074,13.8315,TENTATIVE
60.4,1,5386.26,6605.82,3008.48,65.5008,78.5999,0.388989,CONFIRMED
60.4,10,3012.46,8051.49,3004.89,0.221456,99.4925,-0.0940604,CONFIRMED
60.4,36,6058.66,614.265,3004.73,99.0085,-2.14205,-1.20914,CONFIRMED
60.4,37,6058.27,618.949,3011.42,96.9602,1.20549,-1.31996,CONFIRMED
60.4,54,4786.56,3323.9,473.781,119.902,83.2626,11.8681,TENTATIVE
60.4,55,-6384.44,6166.03,1819.37,-92.1093,88.9583,26.2483,TENTATIVE
60.4,56,5867.85,6670.3,1126.4,72.0537,81.9074,13.8315,TENTATIVE
60.5,1,5392.81,6613.68,3008.52,65.5008,78.5999,0.388989,CONFIRMED
60.5,10,3011.58,8061.47,3005.68,-0.112324,99.5081,0.198441,CONFIRMED
60.5,36,6068.64,614.145,3004.44,99.0382,-2.10378,-1.27796,CONFIRMED
60.5,37,6068.09,619.197,3011.02,97.0116,1.26374,-1.43701,CONFIRMED
60.5,54,4798.55,3332.22,474.968,119.902,83.2626,11.8681,TENTATIVE
60.5,55,-6393.65,6174.93,1822,-92.1093,88.9583,26.2483,TENTATIVE
60.5,56,5875.05,6678.5,1127.78,72.0537,81.9074,13.8315,TENTATIVE
60.6,1,5399.43,6621.37,3008.83,65.5208,78.5389,0.48859,CONFIRMED
60.6,10,3010.73,8071.66,3005.91,-0.425075,99.5951,0.275133,CONFIRMED
60.6,36,6078.54,613.934,3004.31,99.0382,-2.10378,-1.27796,CONFIRMED
60.6,37,6078.04,619.106,3010.42,97.1182,1.16288,-1.63397,CONFIRMED
60.6,54,4810.54,3340.55,476.155,119.902,83.2626,11.8681,TENTATIVE
60.6,55,-6402.86,6183.82,1824.62,-92.1093,88.9583,26.2483,TENTATIVE
60.6,56,5882.26,6686.69,1129.17,72.0537,81.9074,13.8315,TENTATIVE
60.7,1,5405.98,6629.23,3008.88,65.5208,78.5389,0.48859,CONFIRMED
60.7,10,3010.97,8081.22,3006.74,-0.309398,99.4452,0.567059,CONFIRMED
60.7,36,6088.23,613.094,3004.75,98.9472,-2.3892,-1.03337,CONFIRMED
60.7,37,6087.39,618.616,3011.1,96.9662,0.886022,-1.26633,CONFIRMED
60.7,54,4822.53,3348.87,477.342,119.902,83.2626,11.8681,TENTATIVE
60.7,55,-6412.08,6192.72,1827.25,-92.1093,88.9583,26.2483,TENTATIVE
60.7,56,5889.46,6694.88,1130.55,72.0537,81.9074,13.8315,TENTATIVE
60.9,1,5419.59,6644.28,3009.52,65.6979,78.3078,0.681732,CONFIRMED
60.9,10,3010.09,8101.74,3005.96,-0.624963,99.6851,0.231652,CONFIRMED
60.9,36,6108.31,612.169,3004.05,99.0695,-2.59405,-1.24196,CONFIRMED
60.9,37,6107.08,618.442,3010.33,97.0935,0.727978,-1.49349,CONFIRMED
60.9,54,4846.51,3365.53,479.715,119.902,83.2626,11.8681,TENTATIVE
60.9,55,-6430.5,6210.51,1832.5,-92.1093,88.9583,26.2483,TENTATIVE
60.9,56,5903.88,6711.26,1133.32,72.0537,81.9074,13.8315,TENTATIVE
61,1,5424.45,6651.39,3007.47,63.9559,76.6912,-0.697678,CONFIRMED
61,10,3010.02,8111.71,3005.98,-0.624963,99.6851,0.231652,CONFIRMED
61,36,6117.76,612.394,3004.75,98.8743,-2.37346,-0.887401,CONFIRMED
61,37,6116.55,617.686,3010.83,96.9931,0.349994,-1.21064,CONFIRMED
61,54,4858.5,3373.85,480.902,119.902,83.2626,11.8681,TENTATIVE
61,55,-6439.71,6219.41,1835.12,-92.1093,88.9583,26.2483,TENTATIVE
61,56,5911.08,6719.45,1134.7,72.0537,81.9074,13.8315,TENTATIVE
61.1,1,5431,6658.62,3008.08,64.0161,76.5332,-0.450864,CONFIRMED
61.1,10,3010.33,8121.36,3005.49,-0.065193,100.665,0.470966,CONFIRMED
61.1,36,6127.63,612.851,3004.1,98.9584,-2.04881,-1.08166,CONFIRMED
61.1,37,6129.31,617.021,3012.11,100.817,0.272988,0.607781,CONFIRMED
61.1,55,-6448.92,6228.3,1837.74,-92.1093,88.9583,26.2483,TENTATIVE
61.1,56,5918.29,6727.64,1136.08,72.0537,81.9074,13.8315,TENTATIVE
61.2,1,5437.55,6666.07,3008.23,64.0708,76.4584,-0.382578,CONFIRMED
61.2,10,3010.32,8131.42,3005.54,-0.065193,100.665,0.470966,CONFIRMED
61.2,36,6137.36,612.17,3004.41,98.8924,-2.26399,-0.899903,CONFIRMED
61.2,37,6139.78,617.424,3011.3,100.985,0.450897,0.221157,CONFIRMED
61.2,55,-6458.13,6237.2,1840.37,-92.1093,88.9583,26.2483,TENTATIVE
61.2,56,5925.49,6735.83,1137.47,72.0537,81.9074,13.8315,TENTATIVE
61.4,1,5450.88,6680.73,3008.63,64.2635,76.2253,-0.211116,CONFIRMED
61.4,10,3009.59,8151.44,3006.68,-0.355069,100.634,0.847294,CONFIRMED
61.4,36,6157.21,612.363,3003.96,98.9219,-1.96154,-1.02271,CONFIRMED
61.4,37,6159.99,617.901,3011.23,100.991,0.626777,0.173607,CONFIRMED
61.4,55,-6476.55,6254.99,1845.62,-92.1093,88.9583,26.2483,TENTATIVE
61.4,56,5939.9,6752.21,1140.23,72.0537,81.9074,13.8315,TENTATIVE
61.5,1,5457.15,6688.28,3009.06,64.2025,76.1953,-0.0312581,CONFIRMED
61.5,10,3009.55,8161.5,3006.76,-0.355069,100.634,0.847294,CONFIRMED
61.5,36,6167.1,611.746,3003.94,98.9221,-2.15239,-0.984476,CONFIRMED
61.5,37,6170.67,616.879,3010.29,101.239,0.132332,-0.241242,CONFIRMED
61.5,55,-6485.76,6263.88,1848.24,-92.1093,88.9583,26.2483,TENTATIVE
61.5,56,5947.11,6760.4,1141.61,72.0537,81.9074,13.8315,TENTATIVE
61.6,1,5463.57,6695.9,3009.06,64.2025,76.1953,-0.0312581,CONFIRMED
61.6,10,3009.15,8171.97,3006.11,-0.491709,100.781,0.579149,CONFIRMED
61.6,36,6176.23,611.469,3005.43,98.5956,-2.1814,-0.298469,CONFIRMED
61.6,37,6180.75,616.77,3010.38,101.223,0.0766367,-0.195544,CONFIRMED
61.6,55,-6494.97,6272.78,1850.87,-92.1093,88.9583,26.2483,TENTATIVE
61.6,56,5954.31,6768.59,1143,72.0537,81.9074,13.8315,TENTATIVE
61.7,1,5468.07,6704.65,3010.03,63.4725,76.6351,0.320279,CONFIRMED
61.7,10,3008.65,8182.45,3005.52,-0.662919,100.929,0.345115,CONFIRMED
61.7,36,6186.09,611.251,3005.4,98.5956,-2.1814,-0.298469,CONFIRMED
61.7,37,6190.58,617.303,3010.86,101.094,0.316004,0.0212961,CONFIRMED
61.7,55,-6504.18,6281.68,1853.49,-92.1093,88.9583,26.2483,TENTATIVE
61.7,56,5961.52,6776.78,1144.38,72.0537,81.9074,13.8315,TENTATIVE
61.9,1,5480.26,6720.37,3010.12,63.2832,76.7871,0.325947,CONFIRMED
61.9,10,3009.18,8202.63,3004.95,-0.429163,100.925,0.119618,CONFIRMED
61.9,36,6205.6,611.536,3005.62,98.5059,-1.87741,-0.173602,CONFIRMED
61.9,37,6210.35,618.483,3011.55,100.903,0.814036,0.316849,CONFIRMED
61.9,55,-6522.61,6299.47,1858.74,-92.1093,88.9583,26.2483,TENTATIVE
61.9,56,5975.93,6793.17,1147.15,72.0537,81.9074,13.8315,TENTATIVE
62,1,5486.59,6728.05,3010.16,63.2832,76.7871,0.325947,CONFIRMED
62,10,3009.96,8212.53,3004.67,-0.126886,100.854,0.013958,CONFIRMED
62,36,6215.56,611.782,3005.3,98.5487,-1.68153,-0.302415,CONFIRMED
62,37,6220.54,617.665,3012.41,101.017,0.407637,0.704208,CONFIRMED
62,55,-6531.82,6308.36,1861.37,-92.1093,88.9583,26.2483,TENTATIVE
62,56,5983.13,6801.36,1148.53,72.0537,81.9074,13.8315,TENTATIVE
62.1,1,5494.24,6736.57,3010,62.4556,75.4936,-0.456541,CONFIRMED
62.1,10,3008.99,8219.77,3003.64,-1.01213,98.318,-0.899958,CONFIRMED
62.1,36,6225.13,611.471,3005.89,98.4268,-1.74553,-0.0360727,CONFIRMED
62.1,37,6230.94,617.098,3011.98,101.146,0.13167,0.489012,CONFIRMED
62.1,56,5990.34,6809.55,1149.91,72.0537,81.9074,13.8315,TENTATIVE
62.2,1,5500.72,6743.76,3010.32,62.5481,75.3579,-0.318729,CONFIRMED
62.2,10,3009.02,8229.72,3003.08,-0.963213,98.3606,-1.06822,CONFIRMED
62.2,36,6234.82,611.242,3006.2,98.3652,-1.76964,0.0968597,CONFIRMED
62.2,37,6241.4,617.738,3011.18,101.291,0.414299,0.122291,CONFIRMED
62.2,56,5997.55,6817.74,1151.3,72.0537,81.9074,13.8315,TENTATIVE
62.4,1,5514.58,6757.75,3010.21,63.0607,74.9457,-0.332586,CONFIRMED
62.4,10,3009.52,8249.74,3001.22,-0.726169,98.4781,-1.63481,CONFIRMED
62.4,36,6254.51,610.519,3006.27,98.3722,-1.92995,0.114883,CONFIRMED
62.4,37,6261.55,617.784,3011.45,101.244,0.400406,0.225852,CONFIRMED
62.4,56,6011.96,6834.12,1154.06,72.0537,81.9074,13.8315,TENTATIVE
62.5,1,5521.4,6764.79,3010.25,63.2583,74.7732,-0.306574,CONFIRMED
62.5,10,3010.54,8259.04,3001.46,-0.324537,98.2825,-1.49051,CONFIRMED
62.5,36,6264.28,610.409,3006.4,98.3441,-1.8922,0.165662,CONFIRMED
62.5,37,6271.77,618.461,3011.13,101.285,0.687956,0.0792229,CONFIRMED
62.5,56,6019.16,6842.31,1155.45,72.0537,81.9074,13.8315,TENTATIVE
62.6,1,5527.7,6772.57,3009.58,63.2466,74.8877,-0.545972,CONFIRMED
62.6,10,3010.41,8268.83,3001.53,-0.360636,98.267,-1.41115,CONFIRMED
62.6,36,6273.78,610.78,3006.99,98.2013,-1.6392,0.411514,CONFIRMED
62.6,37,6281.66,618.479,3011.65,101.184,0.665501,0.296932,CONFIRMED
62.6,56,6026.37,6850.5,1156.83,72.0537,81.9074,13.8315,TENTATIVE
62.7,1,5534.13,6779.79,3009.94,63.2878,74.7853,-0.389235,CONFIRMED
62.7,10,3009.7,8278.65,3002.08,-0.605518,98.2679,-1.16807,CONFIRMED
62.7,36,6283.53,611.475,3007.01,98.1675,-1.25243,0.403401,CONFIRMED
62.7,37,6291.74,619.075,3011.67,101.163,0.90455,0.292517,CONFIRMED
62.7,56,6033.57,6858.69,1158.21,72.0537,81.9074,13.8315,TENTATIVE
62.9,1,5547.78,6793.95,3009.85,63.6504,74.4867,-0.382978,CONFIRMED
62.9,10,3010.95,8297.58,3002.46,-0.108327,98.0129,-0.955434,CONFIRMED
62.9,36,6303.65,610.201,3006.28,98.3755,-1.70504,0.0612426,CONFIRMED
62.9,37,6311.72,620.209,3012.06,101.048,1.33683,0.445097,CONFIRMED
62.9,56,6047.98,6875.07,1160.98,72.0537,81.9074,13.8315,TENTATIVE
63,1,5554.14,6801.4,3009.81,63.6504,74.4867,-0.382978,CONFIRMED
63,10,3011.27,8310.46,3002.74,-0.177101,98.6711,-0.992749,CONFIRMED
63,36,6313.68,609.43,3006.01,98.4594,-1.97505,-0.0592009,CONFIRMED
63,37,6321.81,619.136,3012.37,101.046,0.793387,0.562735,CONFIRMED
63,56,6055.19,6883.26,1162.36,72.0537,81.9074,13.8315,TENTATIVE
63.1,1,5563.16,6812.65,3010.83,66.1462,77.7412,0.815424,CONFIRMED
63.1,10,3011.27,8320.24,3002.87,-0.169475,98.6399,-0.911574,CONFIRMED
63.1,36,6323.72,608.555,3005.74,98.5402,-2.28587,-0.165391,CONFIRMED
63.1,37,6334.58,619.66,3012.66,103.56,1.12025,1.30341,CONFIRMED
63.1,57,10028.1,1430.96,9157.38,99.133,14.1458,90.5254,TENTATIVE
63.2,1,5569.48,6820.24,3011.88,66.0408,77.6774,1.16211,CONFIRMED
63.2,10,3011.03,8329.87,3003.67,-0.25064,98.5535,-0.585355,CONFIRMED
63.2,36,6333.57,608.326,3005.72,98.5402,-2.28587,-0.165391,CONFIRMED
63.2,37,6344.97,620.442,3012.58,103.573,1.42174,1.21456,CONFIRMED
63.2,57,10038,1432.38,9166.44,99.133,14.1458,90.5254,TENTATIVE
63.4,1,5582.78,6835.92,3011.61,66.0692,77.7286,0.990276,CONFIRMED
63.4,10,3011.93,8349.37,3003.18,0.0959701,98.4774,-0.71766,CONFIRMED
63.4,36,6354,608.931,3003.97,98.845,-1.83443,-0.898619,CONFIRMED
63.4,37,6365.48,621.822,3013.03,103.483,1.89643,1.30847,CONFIRMED
63.4,57,10057.9,1435.21,9184.54,99.133,14.1458,90.5254,TENTATIVE
63.5,1,5589.58,6843.83,3011.02,66.1389,77.7779,0.745168,CONFIRMED
63.5,10,3011.99,8358.95,3003.79,0.11538,98.3856,-0.477443,CONFIRMED
63.5,36,6363.59,608.71,3004.5,98.7181,-1.85158,-0.626479,CONFIRMED
63.5,37,6376.3,621.729,3012.22,103.684,1.7687,0.904112,CONFIRMED
63.5,57,10067.8,1436.62,9193.59,99.133,14.1458,90.5254,TENTATIVE
63.6,1,5596.68,6851.38,3010.72,66.3169,77.6952,0.600718,CONFIRMED
63.6,10,3012.31,8368.64,3003.86,0.226713,98.3304,-0.433039,CONFIRMED
63.6,36,6373.47,608.525,3004.43,98.7181,-1.85158,-0.626479,CONFIRMED
63.6,37,6387.01,621.308,3011.72,103.827,1.49946,0.652578,CONFIRMED
63.6,57,10077.7,1438.04,9202.65,99.133,14.1458,90.5254,TENTATIVE
63.7,1,5603.31,6859.15,3010.78,66.3169,77.6952,0.600718,CONFIRMED
63.7,10,3012.55,8378.62,3003.17,0.307128,98.3839,-0.665111,CONFIRMED
63.7,36,6383.35,607.659,3004.49,98.7236,-2.15493,-0.576944,CONFIRMED
63.7,37,6397.4,621.651,3011.72,103.832,1.58629,0.624729,CONFIRMED
63.7,57,10087.6,1439.45,9211.7,99.133,14.1458,90.5254,TENTATIVE
63.9,1,5616.44,6874.83,3010.82,66.2694,77.7476,0.569485,CONFIRMED
63.9,10,3013.55,8397.93,3003.13,0.64744,98.2521,-0.634788,CONFIRMED
63.9,36,6403.33,606.311,3004.06,98.8236,-2.55875,-0.708688,CONFIRMED
63.9,37,6417.99,621.071,3012.41,103.758,1.20398,0.860367,CONFIRMED
63.9,57,10107.4,1442.28,9229.8,99.133,14.1458,90.5254,TENTATIVE
64,1,5623.16,6882.77,3010.34,66.3025,77.8041,0.377261,CONFIRMED
64,10,3014.2,8409.87,3003.24,1.40382,100.564,-0.0225292,CONFIRMED
64,36,6413.21,606.055,3003.99,98.8236,-2.55875,-0.708688,CONFIRMED
64,37,6428.4,621.743,3012.3,103.774,1.45085,0.775958,CONFIRMED
64,57,10117.3,1443.69,9238.86,99.133,14.1458,90.5254,TENTATIVE
64.2,1,5634.07,6897.99,3009.75,64.5737,76.5909,-0.323462,CONFIRMED
64.2,10,3014.19,8429.06,3006.11,1.30339,100.254,0.968786,CONFIRMED
64.2,36,6436.35,606.841,3006.5,98.5742,-2.16069,-0.338386,CONFIRMED
64.2,37,6448.68,621.467,3012.11,102.304,1.08058,0.0488691,CONFIRMED
64.2,57,10137.2,1446.52,9256.96,99.133,14.1458,90.5254,TENTATIVE
64.2,58,-8138.58,10851,5406.53,9.71942,-12.9587,-6.45669,TENTATIVE
64.2,59,-1584.64,10966.8,5039.73,-20.7722,143.758,66.0632,TENTATIVE
64.4,1,5647.07,6913.66,3008.71,64.6026,76.7124,-0.66264,CONFIRMED
64.4,10,3013.8,8449.32,3006.37,1.06311,100.328,0.998042,CONFIRMED
64.4,36,6456.31,607.257,3005.72,98.677,-1.78543,-0.639492,CONFIRMED
64.4,37,6469.06,620.706,3012.51,102.272,0.6534,0.207336,CONFIRMED
64.4,57,10157,1449.35,9275.07,99.133,14.1458,90.5254,TENTATIVE
64.4,58,-8136.64,10848.4,5405.24,9.71942,-12.9587,-6.45669,TENTATIVE
64.4,59,-1588.79,10995.6,5052.94,-20.7722,143.758,66.0632,TENTATIVE
64.6,1,5661.12,6928.42,3007.78,65.0046,76.5039,-0.942936,CONFIRMED
64.6,10,3014.41,8469.38,3006.19,1.20732,100.325,0.863921,CONFIRMED
64.6,36,6475.84,605.851,3006.25,98.5997,-2.23625,-0.378918,CONFIRMED
64.6,37,6489.85,621.74,3011.64,102.414,1.06398,-0.188493,CONFIRMED
64.6,57,10176.8,1452.18,9293.17,99.133,14.1458,90.5254,TENTATIVE
64.6,58,-8134.7,10845.8,5403.95,9.71942,-12.9587,-6.45669,TENTATIVE
64.6,59,-1592.95,11024.3,5066.15,-20.7722,143.758,66.0632,TENTATIVE
64.7,1,5667.45,6936.2,3007.72,64.9406,76.5513,-0.931775,CONFIRMED
64.7,10,3014.49,8479.82,3005.15,1.1839,100.474,0.461614,CONFIRMED
64.7,36,6485.92,605.282,3005.81,98.6919,-2.38913,-0.550346,CONFIRMED
64.7,37,6500.09,621.846,3011.62,102.414,1.06398,-0.188493,CONFIRMED
64.7,57,10186.7,1453.6,9302.22,99.133,14.1458,90.5254,TENTATIVE
64.7,58,-8133.72,10844.5,5403.3,9.71942,-12.9587,-6.45669,TENTATIVE
64.7,59,-1595.03,11038.7,5072.76,-20.7722,143.758,66.0632,TENTATIVE
64.9,1,5679.75,6952.1,3007.47,64.7084,76.7552,-0.964199,CONFIRMED
64.9,10,3015.08,8499.78,3005.28,1.31112,100.423,0.47708,CONFIRMED
64.9,36,6505.38,605.017,3006.27,98.5826,-2.29577,-0.329541,CONFIRMED
64.9,37,6520.17,622.33,3012.41,102.249,1.18137,0.146834,CONFIRMED
64.9,57,10206.6,1456.43,9320.33,99.133,14.1458,90.5254,TENTATIVE
64.9,58,-8131.78,10841.9,5402.01,9.71942,-12.9587,-6.45669,TENTATIVE
64.9,59,-1599.18,11067.4,5085.97,-20.7722,143.758,66.0632,TENTATIVE
65.1,1,5690.17,6962.47,3005.88,63.8602,75.0385,-1.4296,CONFIRMED
65.1,10,3013.69,8518.04,3005.1,0.492598,99.1365,0.153,CONFIRMED
65.1,36,6522.76,605.301,3005.19,99.0696,-1.82478,-0.0644416,CONFIRMED
65.1,37,6534.85,623.588,3009.69,100.32,1.6861,-0.758673,CONFIRMED
65.1,57,10226.4,1459.25,9338.43,99.133,14.1458,90.5254,TENTATIVE
65.1,58,-8129.84,10839.3,5400.72,9.71942,-12.9587,-6.45669,TENTATIVE
65.1,59,-1603.33,11096.2,5099.18,-20.7722,143.758,66.0632,TENTATIVE
65.2,1,5696.63,6969.99,3005.58,63.8853,75.0418,-1.48607,CONFIRMED
65.2,10,3013.73,8528.38,3003.91,0.495737,99.2871,-0.286621,CONFIRMED
65.2,36,6532.51,605.331,3005.5,99.0029,-1.73095,0.0651079,CONFIRMED
65.2,37,6544.88,623.757,3009.61,100.32,1.6861,-0.758673,CONFIRMED
65.2,57,10236.3,1460.67,9347.49,99.133,14.1458,90.5254,TENTATIVE
65.2,58,-8128.86,10838.1,5400.08,9.71942,-12.9587,-6.45669,TENTATIVE
65.2,59,-1605.41,11110.6,5105.79,-20.7722,143.758,66.0632,TENTATIVE
65.4,1,5709.47,6985.05,3005.03,63.8973,75.0724,-1.58132,CONFIRMED
65.4,10,3013.05,8548.31,3004.42,0.21311,99.3162,-0.0870986,CONFIRMED
65.4,36,6551.51,606.569,3006.96,98.6685,-1.05535,0.67284,CONFIRMED
65.4,37,6564.92,625.017,3009.32,100.311,2.07314,-0.817354,CONFIRMED
65.4,57,10256.1,1463.5,9365.59,99.133,14.1458,90.5254,TENTATIVE
65.4,58,-8126.92,10835.5,5398.78,9.71942,-12.9587,-6.45669,TENTATIVE
65.4,59,-1609.57,11139.3,5119,-20.7722,143.758,66.0632,TENTATIVE
65.6,1,5721.85,7000.39,3004.72,63.7534,75.1882,-1.57695,CONFIRMED
65.6,10,3014.28,8568.33,3002.75,0.637842,99.3621,-0.646864,CONFIRMED
65.6,36,6571.54,606.173,3006.48,98.7895,-1.12154,0.417521,CONFIRMED
65.6,37,6584.38,626.283,3010.31,100.061,2.45015,-0.342921,CONFIRMED
65.6,57,10276,1466.33,9383.7,99.133,14.1458,90.5254,TENTATIVE
65.6,58,-8124.98,10832.9,5397.49,9.71942,-12.9587,-6.45669,TENTATIVE
65.6,59,-1613.72,11168.1,5132.22,-20.7722,143.758,66.0632,TENTATIVE
65.7,1,5728.5,7007.43,3005.15,63.8554,75.018,-1.3719,CONFIRMED
65.7,10,3013.8,8578.41,3002.82,0.442604,99.414,-0.600698,CONFIRMED
65.7,36,6581.68,605.549,3006.04,98.8994,-1.34616,0.219077,CONFIRMED
65.7,37,6594.76,626.442,3009.47,100.225,2.40941,-0.696426,CONFIRMED
65.7,57,10285.9,1467.74,9392.75,99.133,14.1458,90.5254,TENTATIVE
65.7,58,-8124,10831.6,5396.85,9.71942,-12.9587,-6.45669,TENTATIVE
65.7,59,-1615.8,11182.4,5138.82,-20.7722,143.758,66.0632,TENTATIVE
65.9,1,5740.94,7022.4,3005.58,63.7385,75.0078,-1.12274,CONFIRMED
65.9,10,3012.79,8598.14,3004.24,0.0527445,99.3667,-0.0723292,CONFIRMED
65.9,36,6601.61,605.966,3005.61,98.9771,-1.04314,-0.013157,CONFIRMED
65.9,37,6615.06,626.987,3008.76,100.331,2.43693,-0.937759,CONFIRMED
65.9,57,10305.7,1470.57,9410.85,99.133,14.1458,90.5254,TENTATIVE
65.9,58,-8122.06,10829,5395.56,9.71942,-12.9587,-6.45669,TENTATIVE
65.9,59,-1619.95,11211.2,5152.03,-20.7722,143.758,66.0632,TENTATIVE
66.1,1,5753.49,7039.83,3007.23,64.038,76.3169,-0.280938,CONFIRMED
66.1,10,3012.35,8620.63,3004.03,0.361044,101.665,0.335983,CONFIRMED
66.1,36,6622.59,605.656,3006.48,100.965,-0.953977,1.02496,CONFIRMED
66.1,37,6635.29,627.708,3008.77,101.891,2.67751,-0.184552,CONFIRMED
66.1,58,-8120.12,10826.4,5394.26,9.71942,-12.9587,-6.45669,TENTATIVE
66.1,59,-1624.11,11239.9,5165.25,-20.7722,143.758,66.0632,TENTATIVE
66.1,60,3168.57,1110.61,1383.48,6.82326,2.39161,2.97921,TENTATIVE
66.1,61,-2684.6,3205.85,557.851,-111.156,132.739,23.0979,TENTATIVE
66.2,1,5759.89,7047.46,3007.2,64.038,76.3169,-0.280938,CONFIRMED
66.2,10,3013.04,8630.81,3003.36,0.593966,101.669,0.0904417,CONFIRMED
66.2,36,6632.52,606.148,3006.85,100.893,-0.697627,1.13537,CONFIRMED
66.2,37,6645.35,627.54,3009.13,101.838,2.49064,-0.026049,CONFIRMED
66.2,58,-8119.14,10825.1,5393.62,9.71942,-12.9587,-6.45669,TENTATIVE
66.2,59,-1626.18,11254.3,5171.85,-20.7722,143.758,66.0632,TENTATIVE
66.2,60,3169.25,1110.85,1383.78,6.82326,2.39161,2.97921,TENTATIVE
66.2,61,-2695.72,3219.13,560.161,-111.156,132.739,23.0979,TENTATIVE
66.4,1,5773.33,7062.05,3007.53,64.2483,76.0872,-0.142787,CONFIRMED
66.4,10,3014.38,8650.75,3003.28,1.03952,101.535,0.0349692,CONFIRMED
66.4,36,6653.09,605.565,3006.29,101.055,-0.880836,0.808104,CONFIRMED
66.4,37,6665.71,628.81,3008.97,101.836,2.82799,-0.091284,CONFIRMED
66.4,58,-8117.2,10822.5,5392.33,9.71942,-12.9587,-6.45669,TENTATIVE
66.4,59,-1630.34,11283.1,5185.07,-20.7722,143.758,66.0632,TENTATIVE
66.4,60,3170.62,1111.33,1384.37,6.82326,2.39161,2.97921,TENTATIVE
66.4,61,-2717.95,3245.68,564.781,-111.156,132.739,23.0979,TENTATIVE
66.6,1,5786.3,7077.08,3007.7,64.2948,76.0212,-0.0761918,CONFIRMED
66.6,10,3014.61,8670.85,3003.87,1.05682,101.456,0.247956,CONFIRMED
66.6,36,6673.28,605.975,3006.36,101.047,-0.642991,0.776833,CONFIRMED
66.6,37,6685.59,627.244,3010.49,101.64,1.93532,0.535961,CONFIRMED
66.6,58,-8115.26,10819.9,5391.04,9.71942,-12.9587,-6.45669,TENTATIVE
66.6,59,-1634.49,11311.8,5198.28,-20.7722,143.758,66.0632,TENTATIVE
66.6,60,3171.98,1111.81,1384.97,6.82326,2.39161,2.97921,TENTATIVE
66.6,61,-2740.18,3272.22,569.4,-111.156,132.739,23.0979,TENTATIVE
66.7,1,5792.84,7084.79,3007.24,64.3303,76.0567,-0.229943,CONFIRMED
66.7,10,3015.09,8681.24,3002.82,1.19643,101.542,-0.141606,CONFIRMED
66.7,36,6683.55,604.661,3006.33,101.116,-1.18687,0.731759,CONFIRMED
66.7,37,6695.6,627.528,3010.88,101.574,1.97524,0.676987,CONFIRMED
66.7,58,-8114.29,10818.6,5390.39,9.71942,-12.9587,-6.45669,TENTATIVE
66.7,59,-1636.57,11326.2,5204.89,-20.7722,143.758,66.0632,TENTATIVE
66.7,60,3172.66,1112.05,1385.27,6.82326,2.39161,2.97921,TENTATIVE
66.7,61,-2751.29,3285.5,571.71,-111.156,132.739,23.0979,TENTATIVE
66.9,1,5805.71,7100.31,3006.44,64.3319,76.1652,-0.491757,CONFIRMED
66.9,10,3015.33,8701.54,3002.8,1.19643,101.542,-0.141606,CONFIRMED
66.9,36,6704.05,604.853,3005.78,101.225,-1.00857,0.451159,CONFIRMED
66.9,37,6716.44,627.163,3009.99,101.788,1.64443,0.264813,CONFIRMED
66.9,58,-8112.34,10816,5389.1,9.71942,-12.9587,-6.45669,TENTATIVE
66.9,59,-1640.72,11355,5218.1,-20.7722,143.758,66.0632,TENTATIVE
66.9,60,3174.03,1112.52,1385.86,6.82326,2.39161,2.97921,TENTATIVE
66.9,61,-2773.53,3312.05,576.33,-111.156,132.739,23.0979,TENTATIVE
67.1,1,5818.49,7115.62,3007.86,65.3446,77.4436,0.55081,CONFIRMED
67.1,10,3015.04,8721.93,3003.41,0.579145,100.316,-0.328929,CONFIRMED
67.1,36,6729.68,604.6,3007.85,100.127,-1.34402,-0.242928,CONFIRMED
67.1,37,6737.08,627.144,3010.38,102.357,1.5453,0.611782,CONFIRMED
67.1,60,3175.39,1113,1386.46,6.82326,2.39161,2.97921,TENTATIVE
67.1,61,-2795.76,3338.59,580.949,-111.156,132.739,23.0979,TENTATIVE
67.1,62,1160.2,4838.16,3687.74,0.43182,1.80074,1.37255,TENTATIVE
67.1,63,-2485.17,4436.68,2963.63,-77.789,138.874,92.7656,TENTATIVE
67.2,1,5825.53,7122.88,3008.08,65.5213,77.2775,0.6031,CONFIRMED
67.2,10,3015.1,8731.96,3003.38,0.579145,100.316,-0.328929,CONFIRMED
67.2,36,6740.2,603.325,3006.89,100.337,-1.83508,-0.627614,CONFIRMED
67.2,37,6747.5,627.76,3009.93,102.43,1.74501,0.401492,CONFIRMED
67.2,60,3176.07,1113.24,1386.76,6.82326,2.39161,2.97921,TENTATIVE
67.2,61,-2806.87,3351.87,583.259,-111.156,132.739,23.0979,TENTATIVE
67.2,62,1160.24,4838.34,3687.87,0.43182,1.80074,1.37255,TENTATIVE
67.2,63,-2492.95,4450.57,2972.91,-77.789,138.874,92.7656,TENTATIVE
67.4,1,5838.55,7138.29,3008.49,65.4899,77.2632,0.699692,CONFIRMED
67.4,10,3015.25,8752.43,3002.1,0.603714,100.454,-0.763938,CONFIRMED
67.4,36,6760.45,603.489,3006.26,100.402,-1.61268,-0.821189,CONFIRMED
67.4,37,6767.65,628.437,3010.7,102.297,1.87337,0.679737,CONFIRMED
67.4,60,3177.44,1113.72,1387.35,6.82326,2.39161,2.97921,TENTATIVE
67.4,61,-2829.1,3378.42,587.879,-111.156,132.739,23.0979,TENTATIVE
67.4,62,1160.33,4838.7,3688.15,0.43182,1.80074,1.37255,TENTATIVE
67.4,63,-2508.5,4478.34,2991.46,-77.789,138.874,92.7656,TENTATIVE
67.6,1,5851.71,7153.92,3008.08,65.5187,77.3173,0.51247,CONFIRMED
67.6,10,3015.37,8772.52,3001.94,0.603714,100.454,-0.763938,CONFIRMED
67.6,36,6780.96,601.73,3005.41,100.585,-2.22615,-1.11537,CONFIRMED
67.6,37,6788.04,631.19,3010.49,102.268,2.89233,0.532,CONFIRMED
67.6,60,3178.8,1114.2,1387.95,6.82326,2.39161,2.97921,TENTATIVE
67.6,61,-2851.34,3404.96,592.498,-111.156,132.739,23.0979,TENTATIVE
67.6,62,1160.42,4839.06,3688.42,0.43182,1.80074,1.37255,TENTATIVE
67.6,63,-2524.06,4506.11,3010.01,-77.789,138.874,92.7656,TENTATIVE
67.7,1,5858.38,7161.62,3007.97,65.5584,77.3072,0.45847,CONFIRMED
67.7,10,3016.43,8782.21,3001.91,0.961706,100.327,-0.746711,CONFIRMED
67.7,36,6791.02,601.507,3005.3,100.585,-2.22615,-1.11537,CONFIRMED
67.7,37,6798.1,631.553,3010.91,102.198,2.9246,0.685065,CONFIRMED
67.7,60,3179.49,1114.44,1388.25,6.82326,2.39161,2.97921,TENTATIVE
67.7,61,-2862.45,3418.24,594.808,-111.156,132.739,23.0979,TENTATIVE
67.7,62,1160.46,4839.24,3688.56,0.43182,1.80074,1.37255,TENTATIVE
67.7,63,-2531.84,4520,3019.29,-77.789,138.874,92.7656,TENTATIVE
67.9,1,5871.07,7177.09,3008.86,65.4223,77.3095,0.720927,CONFIRMED
67.9,10,3018.32,8801.71,3001.71,1.56734,100.127,-0.765914,CONFIRMED
67.9,36,6810.84,601.777,3005.6,100.465,-1.92436,-0.902207,CONFIRMED
67.9,37,6818.56,632.379,3010.94,102.206,3.0306,0.645797,CONFIRMED
67.9,60,3180.85,1114.92,1388.84,6.82326,2.39161,2.97921,TENTATIVE
67.9,61,-2884.68,3444.78,599.428,-111.156,132.739,23.0979,TENTATIVE
67.9,62,1160.55,4839.61,3688.83,0.43182,1.80074,1.37255,TENTATIVE
67.9,63,-2547.4,4547.78,3037.84,-77.789,138.874,92.7656,TENTATIVE
68.1,1,5881.76,7190.74,3005.71,64.7294,76.829,-0.316109,CONFIRMED
68.1,10,3018.67,8821.72,3001.92,1.43168,99.6922,-0.789545,CONFIRMED
68.1,36,6829.93,600.983,3005.9,99.2194,-2.16466,-1.08088,CONFIRMED
68.1,37,6834.21,633.631,3010.02,100.795,3.35291,0.475893,CONFIRMED
68.1,60,3182.22,1115.39,1389.44,6.82326,2.39161,2.97921,TENTATIVE
68.1,61,-2906.91,3471.33,604.047,-111.156,132.739,23.0979,TENTATIVE
68.1,62,1160.63,4839.97,3689.11,0.43182,1.80074,1.37255,TENTATIVE
68.1,63,-2562.96,4575.55,3056.4,-77.789,138.874,92.7656,TENTATIVE
68.2,1,5888.23,7198.42,3005.68,64.7294,76.829,-0.316109,CONFIRMED
68.2,10,3018.14,8831.86,3002,1.19931,99.7515,-0.733974,CONFIRMED
68.2,36,6839.89,600.509,3005.76,99.2346,-2.27439,-1.09457,CONFIRMED
68.2,37,6843.99,633.222,3010.91,100.674,3.02207,0.8288,CONFIRMED
68.2,60,3182.9,1115.63,1389.74,6.82326,2.39161,2.97921,TENTATIVE
68.2,61,-2918.03,3484.61,606.357,-111.156,132.739,23.0979,TENTATIVE
68.2,62,1160.68,4840.15,3689.25,0.43182,1.80074,1.37255,TENTATIVE
68.2,63,-2570.74,4589.44,3065.67,-77.789,138.874,92.7656,TENTATIVE
68.4,1,5902.35,7213.29,3004.51,65.1377,76.6541,-0.704666,CONFIRMED
68.4,10,3016.53,8851.83,3003.65,0.574404,99.7632,-0.139956,CONFIRMED
68.4,36,6859.98,600.139,3004.97,99.333,-2.24379,-1.32925,CONFIRMED
68.4,37,6864.17,633.853,3010.97,100.691,3.03323,0.786224,CONFIRMED
68.4,60,3184.26,1116.11,1390.33,6.82326,2.39161,2.97921,TENTATIVE
68.4,61,-2940.26,3511.15,610.976,-111.156,132.739,23.0979,TENTATIVE
68.4,62,1160.76,4840.51,3689.52,0.43182,1.80074,1.37255,TENTATIVE
68.4,63,-2586.29,4617.21,3084.23,-77.789,138.874,92.7656,TENTATIVE
68.6,1,5914.32,7229.27,3004.88,64.7685,76.8845,-0.529882,CONFIRMED
68.6,10,3015.85,8872.44,3002.48,0.285981,99.9814,-0.504332,CONFIRMED
68.6,36,6879.2,600.285,3006.07,99.0755,-1.99747,-0.780664,CONFIRMED
68.6,37,6884.39,635.027,3010.82,100.722,3.2665,0.665049,CONFIRMED
68.6,60,3185.63,1116.59,1390.93,6.82326,2.39161,2.97921,TENTATIVE
68.6,61,-2962.49,3537.7,615.596,-111.156,132.739,23.0979,TENTATIVE
68.6,62,1160.85,4840.87,3689.79,0.43182,1.80074,1.37255,TENTATIVE
68.6,63,-2601.85,4644.99,3102.78,-77.789,138.874,92.7656,TENTATIVE
68.7,1,5920.47,7237.25,3004.78,64.6533,76.9845,-0.543759,CONFIRMED
68.7,10,3015.88,8882.44,3002.43,0.285981,99.9814,-0.504332,CONFIRMED
68.7,36,6888.99,599.793,3006.31,99.0281,-2.11638,-0.647129,CONFIRMED
68.7,37,6895.01,635.152,3009.67,100.946,3.17965,0.164068,CONFIRMED
68.7,60,3186.31,1116.83,1391.23,6.82326,2.39161,2.97921,TENTATIVE
68.7,61,-2973.61,3550.98,617.906,-111.156,132.739,23.0979,TENTATIVE
68.7,62,1160.89,4841.05,3689.93,0.43182,1.80074,1.37255,TENTATIVE
68.7,63,-2609.63,4658.88,3112.06,-77.789,138.874,92.7656,TENTATIVE
68.9,1,5933.32,7253.13,3003.67,64.6206,77.1525,-0.887289,CONFIRMED
68.9,10,3015.74,8902.28,3002.99,0.213311,99.9337,-0.288109,CONFIRMED
68.9,36,6908.74,599.121,3006.37,99.0047,-2.22158,-0.571985,CONFIRMED
68.9,37,6915.42,634.501,3009.46,101.05,2.61933,0.0435316,CONFIRMED
68.9,60,3187.67,1117.31,1391.82,6.82326,2.39161,2.97921,TENTATIVE
68.9,61,-2995.84,3577.52,622.525,-111.156,132.739,23.0979,TENTATIVE
68.9,62,1160.98,4841.41,3690.21,0.43182,1.80074,1.37255,TENTATIVE
68.9,63,-2625.19,4686.65,3130.61,-77.789,138.874,92.7656,TENTATIVE
69.1,1,5946.3,7269.24,3002.47,64.4417,77.1316,-1.33014,CONFIRMED
69.1,10,3012.87,8922.53,3001.64,-0.558068,100.754,-0.488486,CONFIRMED
69.1,36,6927.42,598.542,3006.73,96.875,-2.42724,-1.10212,CONFIRMED
69.1,37,6934.86,634.624,3009.32,99.5464,2.34275,-0.529824,CONFIRMED
69.1,62,1161.06,4841.77,3690.48,0.43182,1.80074,1.37255,TENTATIVE
69.1,63,-2640.75,4714.43,3149.16,-77.789,138.874,92.7656,TENTATIVE
69.1,64,4150.96,1810.06,1625.61,-67.9958,-29.6501,-26.6287,TENTATIVE
69.2,1,5952.43,7276.94,3003,64.3322,77.1301,-1.10455,CONFIRMED
69.2,10,3012.82,8932.6,3001.59,-0.558068,100.754,-0.488486,CONFIRMED
69.2,36,6936.91,597.505,3007.22,96.8005,-2.77604,-0.856921,CONFIRMED
69.2,37,6945.01,634.273,3008.96,99.6228,2.09586,-0.657629,CONFIRMED
69.2,62,1161.11,4841.95,3690.62,0.43182,1.80074,1.37255,TENTATIVE
69.2,63,-2648.52,4728.31,3158.44,-77.789,138.874,92.7656,TENTATIVE
69.2,64,4144.16,1807.09,1622.95,-67.9958,-29.6501,-26.6287,TENTATIVE
69.4,1,5963.58,7293.66,3003.06,63.7323,77.5795,-1.00189,CONFIRMED
69.4,10,3011.93,8953.16,3001.07,-0.823184,100.886,-0.623837,CONFIRMED
69.4,36,6956.43,597.269,3006.63,96.8615,-2.64118,-1.02738,CONFIRMED
69.4,37,6964.87,633.791,3009.16,99.5993,1.71223,-0.52058,CONFIRMED
69.4,62,1161.19,4842.31,3690.89,0.43182,1.80074,1.37255,TENTATIVE
69.4,63,-2664.08,4756.09,3176.99,-77.789,138.874,92.7656,TENTATIVE
69.4,64,4130.56,1801.16,1617.62,-67.9958,-29.6501,-26.6287,TENTATIVE
69.6,1,5977.05,7308.14,3003.93,63.987,77.2231,-0.636617,CONFIRMED
69.6,10,3011.77,8972.89,3002.28,-0.818362,100.723,-0.135188,CONFIRMED
69.6,36,6975.87,596.913,3006.22,96.892,-2.57072,-1.11298,CONFIRMED
69.6,37,6984.8,632.518,3009.38,99.6109,1.05714,-0.408699,CONFIRMED
69.6,62,1161.28,4842.67,3691.17,0.43182,1.80074,1.37255,TENTATIVE
69.6,63,-2679.64,4783.86,3195.55,-77.789,138.874,92.7656,TENTATIVE
69.6,64,4116.96,1795.23,1612.29,-67.9958,-29.6501,-26.6287,TENTATIVE
69.7,1,5982.48,7316.84,3003.41,63.6384,77.5742,-0.798796,CONFIRMED
69.7,10,3011.68,8982.96,3002.27,-0.818362,100.723,-0.135188,CONFIRMED
69.7,36,6985.58,595.671,3006.25,96.902,-2.98679,-1.0539,CONFIRMED
69.7,37,6994.99,632.402,3008.84,99.7041,0.964074,-0.607893,CONFIRMED
69.7,62,1161.32,4842.85,3691.3,0.43182,1.80074,1.37255,TENTATIVE
69.7,63,-2687.42,4797.75,3204.82,-77.789,138.874,92.7656,TENTATIVE
69.7,64,4110.16,1792.27,1609.63,-67.9958,-29.6501,-26.6287,TENTATIVE
69.9,1,5995.59,7332.15,3002.98,63.7708,77.5022,-0.888395,CONFIRMED
69.9,10,3013.12,9002.8,3001.55,-0.26991,100.615,-0.361421,CONFIRMED
69.9,36,7005.16,595.59,3005.48,96.9768,-2.7737,-1.27191,CONFIRMED
69.9,37,7014.58,633.886,3009.27,99.561,1.49223,-0.383846,CONFIRMED
69.9,62,1161.41,4843.21,3691.58,0.43182,1.80074,1.37255,TENTATIVE
69.9,63,-2702.98,4825.52,3223.38,-77.789,138.874,92.7656,TENTATIVE
69.9,64,4096.56,1786.34,1604.31,-67.9958,-29.6501,-26.6287,TENTATIVE
70.1,1,6008.47,7345.24,3002.64,65.1424,78.3201,-0.28147,CONFIRMED
70.1,10,3012.12,9019.82,3000.09,-0.464302,99.9163,-0.70428,CONFIRMED
70.1,36,7026.21,596.096,3006.94,98.9941,-2.22438,-0.0149141,CONFIRMED
70.1,37,7035.79,635.72,3009.74,101.038,2.22494,0.230264,CONFIRMED
70.1,64,4082.96,1780.41,1598.98,-67.9958,-29.6501,-26.6287,TENTATIVE
70.1,65,-2611.32,1986.34,2577.48,-123.879,94.2304,122.274,TENTATIVE
70.2,1,6014.91,7352.8,3003.41,65.1217,78.2297,-0.0129927,CONFIRMED
70.2,10,3011.89,9030.13,2999.26,-0.538211,100.029,-0.974939,CONFIRMED
70.2,36,7036.14,595.662,3006.92,99.0044,-2.31323,-0.0221904,CONFIRMED
70.2,37,7045.89,635.942,3009.76,101.038,2.22494,0.230264,CONFIRMED
70.2,64,4076.16,1777.44,1596.32,-67.9958,-29.6501,-26.6287,TENTATIVE
70.2,65,-2623.7,1995.76,2589.71,-123.879,94.2304,122.274,TENTATIVE
70.4,1,6027.45,7368.71,3003.72,64.9546,78.3237,0.0940531,CONFIRMED
70.4,10,3011.97,9049.79,2999.9,-0.470581,99.914,-0.69089,CONFIRMED
70.4,36,7056.24,596.689,3005.92,99.1158,-1.69131,-0.411154,CONFIRMED
70.4,37,7065.77,635.009,3010.88,100.907,1.63578,0.669326,CONFIRMED
70.4,64,4062.56,1771.51,1590.99,-67.9958,-29.6501,-26.6287,TENTATIVE
70.4,65,-2648.48,2014.61,2614.16,-123.879,94.2304,122.274,TENTATIVE
70.6,1,6040.74,7384.18,3003.64,65.0549,78.2591,0.0504516,CONFIRMED
70.6,10,3012.47,9069.58,2999.77,-0.27461,99.8521,-0.697769,CONFIRMED
70.6,36,7075.8,595.3,3006.67,99.0177,-2.12521,-0.0913891,CONFIRMED
70.6,37,7085.48,635.574,3012.08,100.721,1.73412,1.09179,CONFIRMED
70.6,64,4048.96,1765.58,1585.67,-67.9958,-29.6501,-26.6287,TENTATIVE
70.6,65,-2673.25,2033.45,2638.62,-123.879,94.2304,122.274,TENTATIVE
70.7,1,6047.25,7392,3003.64,65.0549,78.2591,0.0504516,CONFIRMED
70.7,10,3012.12,9079.31,3000.79,-0.381337,99.7681,-0.332972,CONFIRMED
70.7,36,7085.38,594.246,3007.57,98.8868,-2.48201,0.290807,CONFIRMED
70.7,37,7095.32,636.367,3012.61,100.63,1.98713,1.25553,CONFIRMED
70.7,64,4042.17,1762.62,1583,-67.9958,-29.6501,-26.6287,TENTATIVE
70.7,65,-2685.64,2042.88,2650.85,-123.879,94.2304,122.274,TENTATIVE
70.9,1,6060.43,7407.2,3004.43,65.1192,78.1003,0.314695,CONFIRMED
70.9,10,3012.82,9099.03,3000.66,-0.131666,99.6936,-0.355245,CONFIRMED
70.9,36,7105.25,593.932,3007.37,98.9245,-2.40595,0.186227,CONFIRMED
70.9,37,7115.49,636.527,3012.79,100.649,1.90167,1.22716,CONFIRMED
70.9,64,4028.57,1756.69,1577.68,-67.9958,-29.6501,-26.6287,TENTATIVE
70.9,65,-2710.42,2061.72,2675.3,-123.879,94.2304,122.274,TENTATIVE
71.1,1,6072.56,7421.4,3003.78,64.3099,77.0029,-0.170352,CONFIRMED
71.1,10,3012.92,9120.55,3000.94,0.092804,100.806,-0.0514892,CONFIRMED
71.1,36,7124.08,592.907,3005.14,99.4,-2.55699,-0.327573,CONFIRMED
71.1,37,7133.39,636.851,3012.4,100.638,1.96099,1.34112,CONFIRMED
71.1,64,4014.97,1750.76,1572.35,-67.9958,-29.6501,-26.6287,TENTATIVE
71.1,65,-2735.19,2080.57,2699.76,-123.879,94.2304,122.274,TENTATIVE
71.2,1,6078.84,7429.03,3004.26,64.2593,76.9784,-0.00364602,CONFIRMED
71.2,10,3013.54,9130.52,3000.66,0.302603,100.768,-0.142073,CONFIRMED
71.2,36,7133.95,593.263,3005.15,99.3702,-2.2902,-0.307738,CONFIRMED
71.2,37,7143.23,637.502,3012.98,100.55,2.14615,1.51534,CONFIRMED
71.2,64,4008.17,1747.79,1569.69,-67.9958,-29.6501,-26.6287,TENTATIVE
71.2,65,-2747.58,2089.99,2711.98,-123.879,94.2304,122.274,TENTATIVE
71.4,1,6092.12,7444.39,3003.48,64.4004,76.9632,-0.257076,CONFIRMED
71.4,10,3012.77,9150.72,3001.32,0.0167482,100.784,0.0930052,CONFIRMED
71.4,36,7153.66,592.629,3005.51,99.3058,-2.36344,-0.137356,CONFIRMED
71.4,37,7163.7,638.598,3012.28,100.685,2.39035,1.13601,CONFIRMED
71.4,64,3994.57,1741.86,1564.36,-67.9958,-29.6501,-26.6287,TENTATIVE
71.4,65,-2772.36,2108.84,2736.44,-123.879,94.2304,122.274,TENTATIVE
71.6,1,6105.09,7459.66,3003.55,64.4369,76.9183,-0.218981,CONFIRMED
71.6,10,3013.98,9170.54,3001.17,0.444393,100.667,0.026639,CONFIRMED
71.6,36,7174.26,592.797,3003.6,99.5938,-2.11166,-0.883455,CONFIRMED
71.6,37,7184.13,638.147,3012,100.8,2.01195,0.938571,CONFIRMED
71.6,64,3980.97,1735.93,1559.04,-67.9958,-29.6501,-26.6287,TENTATIVE
71.6,65,-2797.13,2127.68,2760.89,-123.879,94.2304,122.274,TENTATIVE
71.7,1,6111.46,7467.23,3003.98,64.4114,76.8805,-0.071308,CONFIRMED
71.7,10,3014.03,9180.6,3001.17,0.444393,100.667,0.026639,CONFIRMED
71.7,36,7184.2,592.505,3003.57,99.5863,-2.14546,-0.858672,CONFIRMED
71.7,37,7194.54,638.53,3011.27,100.927,2.08518,0.616846,CONFIRMED
71.7,64,3974.17,1732.97,1556.37,-67.9958,-29.6501,-26.6287,TENTATIVE
71.7,65,-2809.52,2137.11,2773.12,-123.879,94.2304,122.274,TENTATIVE
71.9,1,6123.5,7483.34,3003.83,64.1216,77.1353,-0.115363,CONFIRMED
71.9,10,3014.95,9199.92,3002.82,0.734217,100.399,0.566558,CONFIRMED
71.9,36,7204.2,591.269,3003.35,99.6105,-2.47189,-0.853179,CONFIRMED
71.9,37,7214.77,639.635,3011.15,100.938,2.36214,0.531505,CONFIRMED
71.9,64,3960.57,1727.04,1551.05,-67.9958,-29.6501,-26.6287,TENTATIVE
71.9,65,-2834.3,2155.95,2797.58,-123.879,94.2304,122.274,TENTATIVE
72.1,1,6135.61,7498.15,3003.35,63.1544,76.0403,-0.62417,CONFIRMED
72.1,10,3012.61,9217.05,3002,-0.599246,97.8736,-0.224887,CONFIRMED
72.1,36,7223.39,589.849,3004.71,98.1439,-2.95003,-0.720135,CONFIRMED
72.1,37,7234.55,639.204,3008.36,100.804,1.99864,-0.578725,CONFIRMED
72.1,65,-2859.07,2174.8,2822.03,-123.879,94.2304,122.274,TENTATIVE
72.2,1,6142.37,7505.08,3004.04,63.3116,75.8116,-0.369001,CONFIRMED
72.2,10,3013.04,9226.8,3001.6,-0.427858,97.8594,-0.352575,CONFIRMED
72.2,36,7233.08,589.19,3005.02,98.0913,-3.10684,-0.56004,CONFIRMED
72.2,37,7244.31,639.772,3009,100.678,2.1498,-0.301631,CONFIRMED
72.2,65,-2871.46,2184.22,2834.26,-123.879,94.2304,122.274,TENTATIVE
72.4,1,6155.18,7519.74,3004.94,63.3615,75.6372,-0.028958,CONFIRMED
72.4,10,3013.66,9246.12,3001.6,-0.191071,97.7759,-0.328524,CONFIRMED
72.4,36,7252.47,588.771,3005.42,98.0019,-3.02255,-0.356926,CONFIRMED
72.4,37,7264.81,641.038,3007.88,100.814,2.4751,-0.704704,CONFIRMED
72.4,65,-2896.24,2203.07,2858.71,-123.879,94.2304,122.274,TENTATIVE
72.6,1,6168.12,7534.71,3004.78,63.4532,75.5829,-0.0818802,CONFIRMED
72.6,10,3010.88,9266.56,3001.54,-1.11815,98.0733,-0.328901,CONFIRMED
72.6,36,7272.23,588.075,3004.98,98.0661,-3.06458,-0.506008,CONFIRMED
72.6,37,7284.82,641.497,3008.12,100.756,2.455,-0.557826,CONFIRMED
72.6,65,-2921.01,2221.91,2883.17,-123.879,94.2304,122.274,TENTATIVE
72.7,1,6174.27,7542.4,3004.84,63.3865,75.6286,-0.0591363,CONFIRMED
72.7,10,3010.82,9276.22,3001.91,-1.09971,98.0235,-0.191296,CONFIRMED
72.7,36,7282.02,586.892,3005.15,98.0605,-3.42667,-0.421723,CONFIRMED
72.7,37,7294.93,642.112,3007.89,100.77,2.61315,-0.627749,CONFIRMED
72.7,65,-2933.4,2231.34,2895.39,-123.879,94.2304,122.274,TENTATIVE
72.9,1,6187.3,7556.75,3006.06,63.5134,75.3592,0.360865,CONFIRMED
72.9,10,3009.82,9295.83,3002.65,-1.36502,98.0274,0.0631018,CONFIRMED
72.9,36,7301.88,587.203,3004.26,98.1554,-3.0242,-0.732592,CONFIRMED
72.9,37,7315.25,642.763,3007.35,100.834,2.66534,-0.794091,CONFIRMED
72.9,65,-2958.18,2250.18,2919.85,-123.879,94.2304,122.274,TENTATIVE
73.1,1,6200.46,7571.39,3006.64,62.8409,74.198,0.130278,CONFIRMED
73.1,10,3010.5,9318.74,3001.38,-1.38703,98.0634,-0.707038,CONFIRMED
73.1,36,7324.52,587.151,3004.07,99.7105,-2.77241,-0.602811,CONFIRMED
73.1,37,7334.83,642.642,3006.88,101.051,2.40174,-0.727912,CONFIRMED
73.2,1,6206.8,7579.16,3005.66,62.8567,74.315,-0.20386,CONFIRMED
73.2,10,3009.87,9328.79,3001.01,-1.55433,98.1476,-0.806548,CONFIRMED
73.2,36,7334.62,587.915,3003.5,99.7587,-2.34444,-0.806155,CONFIRMED
73.2,37,7344.88,643.08,3006.91,101.026,2.48687,-0.683867,CONFIRMED
73.4,1,6218.97,7594.3,3005.73,62.7164,74.4149,-0.165248,CONFIRMED
73.4,10,3011.16,9347.96,3000.67,-1.01431,97.9948,-0.863607,CONFIRMED
73.4,36,7354.4,588.084,3003.63,99.6961,-2.08749,-0.69983,CONFIRMED
73.4,37,7364.97,642.333,3007.33,100.983,1.9724,-0.463721,CONFIRMED
73.6,1,6231.82,7609.28,3004.83,62.819,74.445,-0.457906,CONFIRMED
73.6,10,3010.56,9367.71,3000.45,-1.14413,98.0398,-0.876128,CONFIRMED
73.6,36,7374.04,588.243,3004.11,99.5849,-1.85865,-0.467534,CONFIRMED
73.6,37,7385.13,642.678,3007.33,100.966,1.96232,-0.420481,CONFIRMED
73.7,1,6237.8,7617.3,3003.93,62.7141,74.6426,-0.744524,CONFIRMED
73.7,10,3009.21,9377.8,3000.71,-1.57882,98.139,-0.75394,CONFIRMED
73.7,36,7383.34,587.802,3005.74,99.3267,-1.9623,0.19444,CONFIRMED
73.7,37,7395.23,642.874,3007.29,100.966,1.96232,-0.420481,CONFIRMED
73.9,1,6250.56,7631.87,3004.23,62.7755,74.5351,-0.597824,CONFIRMED
73.9,10,3009.24,9397.32,3000.55,-1.45985,98.103,-0.759325,CONFIRMED
73.9,36,7403.06,588.258,3005.96,99.2712,-1.62608,0.266698,CONFIRMED
73.9,37,7415.12,643.579,3007.88,100.848,2.09829,-0.157461,CONFIRMED
74.1,1,6262.17,7647.62,3004.45,63.9304,76.6304,0.221448,CONFIRMED
74.1,10,3010.33,9418.7,3000.97,-0.794211,99.3384,-0.359038,CONFIRMED
74.1,36,7424.39,588.95,3007.26,99.6815,-1.2236,0.68049,CONFIRMED
74.1,37,7438.28,643.803,3007.45,104.463,2.22606,0.677921,CONFIRMED
74.1,66,-9704.1,4906.36,8549.86,76.4226,-38.639,-67.3326,TENTATIVE
74.2,1,6268.51,7655.11,3005.05,63.9129,76.5702,0.415344,CONFIRMED
74.2,10,3010.21,9428.47,3001.51,-0.809721,99.2836,-0.167539,CONFIRMED
74.2,36,7434.32,588.88,3007.41,99.6652,-1.20121,0.717207,CONFIRMED
74.2,37,7448.87,643.717,3007.25,104.517,2.09951,0.57019,CONFIRMED
74.2,66,-9696.46,4902.5,8543.13,76.4226,-38.639,-67.3326,TENTATIVE
74.4,1,6281.13,7670.2,3006.03,63.8572,76.5017,0.711518,CONFIRMED
74.4,10,3010.69,9448.3,3000.9,-0.588198,99.2734,-0.357289,CONFIRMED
74.4,36,7454.85,587.514,3006.28,99.9009,-1.66649,0.213447,CONFIRMED
74.4,37,7469.44,644.488,3008.1,104.393,2.23976,0.852817,CONFIRMED
74.4,66,-9681.18,4894.77,8529.66,76.4226,-38.639,-67.3326,TENTATIVE
74.6,1,6295.31,7684.42,3006,64.3308,76.1354,0.655351,CONFIRMED
74.6,10,3010.51,9468.41,3000.08,-0.620077,99.3591,-0.599237,CONFIRMED
74.6,36,7474.82,587.331,3006.32,99.8959,-1.60512,0.21422,CONFIRMED
74.6,37,7490.01,645.753,3008.88,104.268,2.58042,1.09575,CONFIRMED
74.6,66,-9665.89,4887.04,8516.19,76.4226,-38.639,-67.3326,TENTATIVE
74.7,1,6301.98,7691.91,3005.88,64.4167,76.0891,0.59299,CONFIRMED
74.7,10,3009.93,9478.33,3000.59,-0.796606,99.355,-0.409155,CONFIRMED
74.7,36,7484.81,586.991,3006.37,99.8978,-1.67824,0.223588,CONFIRMED
74.7,37,7500.44,646.011,3008.99,104.268,2.58042,1.09575,CONFIRMED
74.7,66,-9658.25,4883.18,8509.46,76.4226,-38.639,-67.3326,TENTATIVE
74.9,1,6314.57,7706.98,3006.98,64.3213,76.0407,0.920574,CONFIRMED
74.9,10,3011.04,9497.69,3000.84,-0.376329,99.1913,-0.307359,CONFIRMED
74.9,36,7504.85,586.113,3006.37,99.923,-1.89631,0.20286,CONFIRMED
74.9,37,7520.75,646.778,3010.5,104.063,2.68845,1.5885,CONFIRMED
74.9,66,-9642.96,4875.45,8495.99,76.4226,-38.639,-67.3326,TENTATIVE
75.1,1,6329.4,7724.27,3007.54,64.6923,76.3913,0.914197,CONFIRMED
75.1,10,3011.76,9520.74,3002.23,0.181334,101.213,0.46394,CONFIRMED
75.1,36,7523.54,584.277,3004.76,97.064,-2.6554,-1.36461,CONFIRMED
75.1,37,7535.2,646.945,3010.19,101.928,2.57832,1.50115,CONFIRMED
75.1,66,-9627.68,4867.72,8482.53,76.4226,-38.639,-67.3326,TENTATIVE
75.1,67,8248.76,8080.89,7540.31,42.5792,41.7126,38.9222,TENTATIVE
75.2,1,6335.98,7731.99,3007.19,64.7304,76.4172,0.764574,CONFIRMED
75.2,10,3012.29,9530.64,3002.48,0.365818,101.133,0.53713,CONFIRMED
75.2,36,7533.51,583.637,3004.04,97.1652,-2.8074,-1.59443,CONFIRMED
75.2,37,7545.39,647.202,3010.34,101.928,2.57832,1.50115,CONFIRMED
75.2,66,-9620.04,4863.86,8475.79,76.4226,-38.639,-67.3326,TENTATIVE
75.2,67,8253.02,8085.06,7544.2,42.5792,41.7126,38.9222,TENTATIVE
75.4,1,6346.94,7749.28,3006.38,64.0658,77.0832,0.447266,CONFIRMED
75.4,10,3014.01,9549.91,3003.99,0.925448,100.813,1.01425,CONFIRMED
75.4,36,7553.21,583.714,3002.93,97.2679,-2.55183,-1.90655,CONFIRMED
75.4,37,7566.33,647.599,3009.27,102.14,2.52469,0.971755,CONFIRMED
75.4,66,-9604.75,4856.13,8462.33,76.4226,-38.639,-67.3326,TENTATIVE
75.4,67,8261.54,8093.4,7551.99,42.5792,41.7126,38.9222,TENTATIVE
75.6,1,6359.37,7764.87,3006.82,63.9458,77.1367,0.564681,CONFIRMED
75.6,10,3012.81,9570.51,3004.18,0.454888,100.96,1.00938,CONFIRMED
75.6,36,7573,582.503,3001.82,97.3947,-2.83086,-2.17646,CONFIRMED
75.6,37,7586.92,647.116,3009.28,102.201,2.13287,0.899818,CONFIRMED
75.6,66,-9589.47,4848.4,8448.86,76.4226,-38.639,-67.3326,TENTATIVE
75.6,67,8270.05,8101.75,7559.77,42.5792,41.7126,38.9222,TENTATIVE
75.7,1,6365.76,7772.58,3006.87,63.9458,77.1367,0.564681,CONFIRMED
75.7,10,3012.43,9580.92,3003.72,0.313355,101.063,0.817835,CONFIRMED
75.7,36,7582.47,583.189,3002.09,97.2915,-2.43966,-1.98895,CONFIRMED
75.7,37,7597.29,646.217,3009.23,102.261,1.68192,0.845437,CONFIRMED
75.7,66,-9581.83,4844.54,8442.13,76.4226,-38.639,-67.3326,TENTATIVE
75.7,67,8274.31,8105.92,7563.66,42.5792,41.7126,38.9222,TENTATIVE
75.9,1,6378.79,7788.08,3006.32,64.0293,77.1547,0.338928,CONFIRMED
75.9,10,3014.48,9600.54,3003.77,0.999318,100.861,0.782169,CONFIRMED
75.9,36,7601.73,583.88,3001.96,97.2152,-1.96498,-1.8864,CONFIRMED
75.9,37,7617.15,647.225,3010.74,102.034,1.94808,1.36607,CONFIRMED
75.9,66,-9566.54,4836.81,8428.66,76.4226,-38.639,-67.3326,TENTATIVE
75.9,67,8282.83,8114.26,7571.45,42.5792,41.7126,38.9222,TENTATIVE
76.1,1,6390.31,7802.69,3004.32,64.3996,77.853,0.0308271,CONFIRMED
76.1,10,3015.61,9627.24,3005.02,1.25101,102.918,1.08094,CONFIRMED
76.1,36,7624.69,582.544,3002.68,100.151,-2.22267,-0.871531,CONFIRMED
76.1,37,7634.42,646.863,3009.91,100.656,1.63887,0.876584,CONFIRMED
76.1,66,-9551.26,4829.08,8415.19,76.4226,-38.639,-67.3326,TENTATIVE
76.1,67,8291.34,8122.6,7579.23,42.5792,41.7126,38.9222,TENTATIVE
76.1,68,-3596.11,6615.78,5742.95,72.2332,-132.888,-115.356,TENTATIVE
76.2,1,6395.98,7810.86,3004.95,64.1427,77.9846,0.240076,CONFIRMED
76.2,10,3015.74,9637.53,3005.13,1.25101,102.918,1.08094,CONFIRMED
76.2,36,7634.88,581.783,3002.25,100.219,-2.43881,-1.00619,CONFIRMED
76.2,37,7644.39,647.674,3010.09,100.618,1.9047,0.915301,CONFIRMED
76.2,66,-9543.61,4825.22,8408.46,76.4226,-38.639,-67.3326,TENTATIVE
76.2,67,8295.6,8126.77,7583.13,42.5792,41.7126,38.9222,TENTATIVE
76.2,68,-3588.89,6602.49,5731.42,72.2332,-132.888,-115.356,TENTATIVE
76.4,1,6409.31,7826.18,3004.65,64.3091,77.8927,0.122464,CONFIRMED
76.4,10,3014.98,9658.05,3006.57,0.916054,102.9,1.47542,CONFIRMED
76.4,36,7654.2,582.29,3003.69,99.9513,-2.05306,-0.386563,CONFIRMED
76.4,37,7664.66,647.817,3009.95,100.674,1.8084,0.791671,CONFIRMED
76.4,66,-9528.33,4817.49,8394.99,76.4226,-38.639,-67.3326,TENTATIVE
76.4,67,8304.12,8135.12,7590.91,42.5792,41.7126,38.9222,TENTATIVE
76.4,68,-3574.44,6575.91,5708.35,72.2332,-132.888,-115.356,TENTATIVE
76.6,1,6421.74,7842.31,3004.15,64.1632,78.0786,-0.0530381,CONFIRMED
76.6,10,3013.81,9678.69,3008.01,0.470647,102.926,1.83693,CONFIRMED
76.6,36,7673.88,581.418,3004.5,99.8366,-2.23177,-0.0548049,CONFIRMED
76.6,37,7684.43,648.524,3010.97,100.538,1.95541,1.11187,CONFIRMED
76.6,66,-9513.05,4809.76,8381.53,76.4226,-38.639,-67.3326,TENTATIVE
76.6,67,8312.63,8143.46,7598.69,42.5792,41.7126,38.9222,TENTATIVE
76.6,68,-3559.99,6549.33,5685.27,72.2332,-132.888,-115.356,TENTATIVE
76.7,1,6428.15,7850.12,3004.14,64.1632,78.0786,-0.0530381,CONFIRMED
76.7,10,3013.86,9688.99,3008.2,0.470647,102.926,1.83693,CONFIRMED
76.7,36,7683.47,583.097,3005.14,99.6791,-1.45559,0.202402,CONFIRMED
76.7,37,7694.3,648.791,3011.54,100.467,1.98453,1.2898,CONFIRMED
76.7,66,-9505.4,4805.9,8374.79,76.4226,-38.639,-67.3326,TENTATIVE
76.7,67,8316.89,8147.63,7602.59,42.5792,41.7126,38.9222,TENTATIVE
76.7,68,-3552.77,6536.04,5673.74,72.2332,-132.888,-115.356,TENTATIVE
76.9,1,6442.53,7864.11,3005.08,64.6822,77.5322,0.267069,CONFIRMED
76.9,10,3012.16,9709.95,3009.14,-0.116615,103.048,2.02805,CONFIRMED
76.9,36,7702.77,583.138,3006.75,99.4296,-1.31588,0.820177,CONFIRMED
76.9,37,7714.67,649.808,3010.95,100.571,2.22899,0.96856,CONFIRMED
76.9,66,-9490.12,4798.17,8361.33,76.4226,-38.639,-67.3326,TENTATIVE
76.9,67,8325.41,8155.97,7610.37,42.5792,41.7126,38.9222,TENTATIVE
76.9,68,-3538.32,6509.47,5650.67,72.2332,-132.888,-115.356,TENTATIVE
77.1,1,6453.46,7877.34,3005.04,63.5423,76.1776,0.0194998,CONFIRMED
77.1,10,3011.91,9728.22,3008.88,-0.313912,101.862,1.68568,CONFIRMED
77.1,36,7720.45,582.03,3005.27,98.0592,-1.6876,-0.00679164,CONFIRMED
77.1,37,7732.52,650.559,3009.62,100.005,2.38694,0.506144,CONFIRMED
77.1,67,8333.92,8164.32,7618.16,42.5792,41.7126,38.9222,TENTATIVE
77.1,68,-3523.88,6482.89,5627.6,72.2332,-132.888,-115.356,TENTATIVE
77.1,69,593.812,7904.83,2921.16,3.94853,52.5629,19.4242,TENTATIVE
77.1,70,-2878.31,1056.1,2271.08,45.3947,-16.6561,-35.8179,TENTATIVE
77.1,71,5949.09,2822.93,6304.97,105.163,49.9015,111.454,TENTATIVE
77.2,1,6459.81,7884.96,3005.04,63.5423,76.1776,0.0194998,CONFIRMED
77.2,10,3012.48,9738.27,3008.89,-0.111978,101.817,1.63501,CONFIRMED
77.2,36,7730.68,581.293,3004.28,98.2207,-1.91442,-0.387581,CONFIRMED
77.2,37,7742.75,650.398,3009.17,100.093,2.22936,0.310156,CONFIRMED
77.2,67,8338.18,8168.49,7622.05,42.5792,41.7126,38.9222,TENTATIVE
77.2,68,-3516.65,6469.6,5616.06,72.2332,-132.888,-115.356,TENTATIVE
77.2,69,594.207,7910.08,2923.1,3.94853,52.5629,19.4242,TENTATIVE
77.2,70,-2873.77,1054.44,2267.5,45.3947,-16.6561,-35.8179,TENTATIVE
77.2,71,5959.61,2827.92,6316.11,105.163,49.9015,111.454,TENTATIVE
77.4,1,6472.94,7899.76,3005.27,63.6626,76.0486,0.100634,CONFIRMED
77.4,10,3013.84,9758.53,3008.17,0.343198,101.783,1.29139,CONFIRMED
77.4,36,7750,580.866,3005.04,98.1047,-1.93248,-0.0795914,CONFIRMED
77.4,37,7762.74,650.49,3009.38,100.082,2.08795,0.368192,CONFIRMED
77.4,67,8346.7,8176.83,7629.83,42.5792,41.7126,38.9222,TENTATIVE
77.4,68,-3502.21,6443.02,5592.99,72.2332,-132.888,-115.356,TENTATIVE
77.4,69,594.996,7920.59,2926.99,3.94853,52.5629,19.4242,TENTATIVE
77.4,70,-2864.69,1051.11,2260.34,45.3947,-16.6561,-35.8179,TENTATIVE
77.4,71,5980.64,2837.9,6338.41,105.163,49.9015,111.454,TENTATIVE
77.6,1,6486,7914.67,3005.4,63.77,75.9473,0.136193,CONFIRMED
77.6,10,3013.2,9779.47,3007.21,0.123075,101.969,0.898427,CONFIRMED
77.6,36,7769.9,580.175,3004.36,98.2098,-2.05358,-0.331524,CONFIRMED
77.6,37,7782.92,648.748,3009.5,100.149,1.21633,0.381183,CONFIRMED
77.6,67,8355.21,8185.17,7637.62,42.5792,41.7126,38.9222,TENTATIVE
77.6,68,-3487.76,6416.44,5569.92,72.2332,-132.888,-115.356,TENTATIVE
77.6,69,595.786,7931.11,2930.87,3.94853,52.5629,19.4242,TENTATIVE
77.6,70,-2855.61,1047.78,2253.17,45.3947,-16.6561,-35.8179,TENTATIVE
77.6,71,6001.67,2847.88,6360.7,105.163,49.9015,111.454,TENTATIVE
77.7,1,6492.73,7922.2,3004.83,63.8866,75.9249,-0.0589427,CONFIRMED
77.7,10,3013.7,9789.68,3006.79,0.28512,101.971,0.72971,CONFIRMED
77.7,36,7779.52,579.701,3004.89,98.1348,-2.16008,-0.114693,CONFIRMED
77.7,37,7792.93,648.87,3009.54,100.149,1.21633,0.381183,CONFIRMED
77.7,67,8359.47,8189.34,7641.51,42.5792,41.7126,38.9222,TENTATIVE
77.7,68,-3480.54,6403.16,5558.38,72.2332,-132.888,-115.356,TENTATIVE
77.7,69,596.181,7936.36,2932.81,3.94853,52.5629,19.4242,TENTATIVE
77.7,70,-2851.07,1046.11,2249.59,45.3947,-16.6561,-35.8179,TENTATIVE
77.7,71,6012.19,2852.87,6371.84,105.163,49.9015,111.454,TENTATIVE
77.9,1,6505.1,7937.56,3005.21,63.7543,75.9854,0.0688895,CONFIRMED
77.9,10,3013.69,9810.07,3007.02,0.263361,101.968,0.761985,CONFIRMED
77.9,36,7798.86,579.395,3005.6,98.023,-2.0986,0.16579,CONFIRMED
77.9,37,7813.29,650.118,3008.54,100.274,1.60842,-0.0290646,CONFIRMED
77.9,67,8367.99,8197.69,7649.29,42.5792,41.7126,38.9222,TENTATIVE
77.9,68,-3466.09,6376.58,5535.31,72.2332,-132.888,-115.356,TENTATIVE
77.9,69,596.971,7946.88,2936.7,3.94853,52.5629,19.4242,TENTATIVE
77.9,70,-2841.99,1042.78,2242.43,45.3947,-16.6561,-35.8179,TENTATIVE
77.9,71,6033.22,2862.85,6394.13,105.163,49.9015,111.454,TENTATIVE
78.1,1,6518.96,7953.82,3005.47,65.0673,77.4927,0.574882,CONFIRMED
78.1,10,3014.33,9827.31,3006.95,0.30654,100.42,0.519766,CONFIRMED
78.1,36,7821.96,578.004,3005.62,100.728,-2.37241,0.685036,CONFIRMED
78.1,37,7831.88,650.59,3007.74,99.9352,1.68887,-0.243899,CONFIRMED
78.1,68,-3451.64,6350,5512.24,72.2332,-132.888,-115.356,TENTATIVE
78.1,69,597.76,7957.39,2940.58,3.94853,52.5629,19.4242,TENTATIVE
78.1,70,-2832.91,1039.45,2235.26,45.3947,-16.6561,-35.8179,TENTATIVE
78.1,71,6054.25,2872.83,6416.42,105.163,49.9015,111.454,TENTATIVE
78.1,72,8231.82,8805.03,1460.58,-68.7862,-73.576,-12.2048,TENTATIVE
78.2,1,6525.35,7961.98,3004.7,65.0249,77.6267,0.306648,CONFIRMED
78.2,10,3014.18,9837.22,3007.59,0.246791,100.378,0.719853,CONFIRMED
78.2,36,7832.41,577.99,3004.64,100.872,-2.28508,0.285003,CONFIRMED
78.2,37,7841.62,651.071,3008.32,99.8377,1.81291,-0.0110767,CONFIRMED
78.2,68,-3444.42,6336.71,5500.7,72.2332,-132.888,-115.356,TENTATIVE
78.2,69,598.155,7962.64,2942.53,3.94853,52.5629,19.4242,TENTATIVE
78.2,70,-2828.37,1037.78,2231.68,45.3947,-16.6561,-35.8179,TENTATIVE
78.2,71,6064.77,2877.82,6427.57,105.163,49.9015,111.454,TENTATIVE
78.2,72,8224.94,8797.67,1459.36,-68.7862,-73.576,-12.2048,TENTATIVE
78.4,1,6538.15,7977.65,3004.81,64.9711,77.6645,0.323821,CONFIRMED
78.4,10,3014.58,9857.25,3007.55,0.363589,100.361,0.658807,CONFIRMED
78.4,36,7853.11,577.391,3003.35,101.062,-2.32809,-0.211105,CONFIRMED
78.4,37,7861.2,652.604,3009.07,99.6936,2.27193,0.272499,CONFIRMED
78.4,68,-3429.97,6310.13,5477.63,72.2332,-132.888,-115.356,TENTATIVE
78.4,69,598.945,7973.16,2946.41,3.94853,52.5629,19.4242,TENTATIVE
78.4,70,-2819.3,1034.45,2224.52,45.3947,-16.6561,-35.8179,TENTATIVE
78.4,71,6085.8,2887.8,6449.86,105.163,49.9015,111.454,TENTATIVE
78.4,72,8211.19,8782.96,1456.92,-68.7862,-73.576,-12.2048,TENTATIVE
78.6,1,6551.02,7993.37,3004.64,64.9242,77.7302,0.250316,CONFIRMED
78.6,10,3013.35,9877.55,3008.25,-0.0663458,100.436,0.842546,CONFIRMED
78.6,36,7873.49,576.538,3002.95,101.123,-2.47082,-0.346204,CONFIRMED
78.6,37,7881.45,652.288,3008.48,99.8148,1.98304,0.0138778,CONFIRMED
78.6,68,-3415.53,6283.56,5454.56,72.2332,-132.888,-115.356,TENTATIVE
78.6,69,599.735,7983.67,2950.3,3.94853,52.5629,19.4242,TENTATIVE
78.6,70,-2810.22,1031.12,2217.36,45.3947,-16.6561,-35.8179,TENTATIVE
78.6,71,6106.84,2897.78,6472.15,105.163,49.9015,111.454,TENTATIVE
78.6,72,8197.43,8768.24,1454.48,-68.7862,-73.576,-12.2048,TENTATIVE
78.7,1,6557.51,8001.14,3004.66,64.9242,77.7302,0.250316,CONFIRMED
78.7,10,3013.46,9887.67,3007.95,-0.0323192,100.465,0.711952,CONFIRMED
78.7,36,7883.1,576.101,3004.28,100.932,-2.54526,0.174316,CONFIRMED
78.7,37,7891.97,652.441,3007.08,100.018,1.96442,-0.520769,CONFIRMED
78.7,68,-3408.3,6270.27,5443.03,72.2332,-132.888,-115.356,TENTATIVE
78.7,69,600.129,7988.93,2952.24,3.94853,52.5629,19.4242,TENTATIVE
78.7,70,-2805.68,1029.45,2213.77,45.3947,-16.6561,-35.8179,TENTATIVE
78.7,71,6117.35,2902.77,6483.3,105.163,49.9015,111.454,TENTATIVE
78.7,72,8190.55,8760.88,1453.25,-68.7862,-73.576,-12.2048,TENTATIVE
78.9,1,6571.28,8015.89,3005.12,65.1858,77.4701,0.373181,CONFIRMED
78.9,10,3014.31,9907.42,3008.35,0.263708,100.348,0.801065,CONFIRMED
78.9,36,7903.08,575.015,3004.95,100.858,-2.75893,0.411943,CONFIRMED
78.9,37,7912.34,652.859,3006,100.156,1.97295,-0.888548,CONFIRMED
78.9,68,-3393.86,6243.69,5419.96,72.2332,-132.888,-115.356,TENTATIVE
78.9,69,600.919,7999.44,2956.12,3.94853,52.5629,19.4242,TENTATIVE
78.9,70,-2796.6,1026.12,2206.61,45.3947,-16.6561,-35.8179,TENTATIVE
78.9,71,6138.38,2912.75,6505.59,105.163,49.9015,111.454,TENTATIVE
78.9,72,8176.79,8746.17,1450.81,-68.7862,-73.576,-12.2048,TENTATIVE
79.1,1,6581.76,8029.74,3002.79,63.8675,76.3366,-0.619617,CONFIRMED
79.1,10,3013.49,9925.78,3007.17,-0.210019,99.1557,0.176239,CONFIRMED
79.1,36,7920.99,574.898,3003.88,99.1481,-2.64193,-0.345193,CONFIRMED
79.1,37,7933.57,653.05,3005.33,102.625,2.06189,-0.310642,CONFIRMED
79.1,69,601.709,8009.95,2960.01,3.94853,52.5629,19.4242,TENTATIVE
79.1,70,-2787.52,1022.79,2199.45,45.3947,-16.6561,-35.8179,TENTATIVE
79.1,71,6159.42,2922.73,6527.88,105.163,49.9015,111.454,TENTATIVE
79.1,72,8163.04,8731.45,1448.37,-68.7862,-73.576,-12.2048,TENTATIVE
79.1,73,2037.57,6934.7,492.999,-31.2339,-106.302,-7.55717,TENTATIVE
79.2,1,6588.3,8037.52,3001.99,63.9182,76.3865,-0.869483,CONFIRMED
79.2,10,3013.98,9935.48,3007.37,-0.0389017,99.0873,0.235281,CONFIRMED
79.2,36,7931.03,575.342,3003.4,99.1919,-2.36414,-0.515986,CONFIRMED
79.2,37,7944,653.528,3004.77,102.69,2.16805,-0.510139,CONFIRMED
79.2,69,602.104,8015.21,2961.95,3.94853,52.5629,19.4242,TENTATIVE
79.2,70,-2782.98,1021.13,2195.86,45.3947,-16.6561,-35.8179,TENTATIVE
79.2,71,6169.93,2927.72,6539.02,105.163,49.9015,111.454,TENTATIVE
79.2,72,8156.16,8724.1,1447.15,-68.7862,-73.576,-12.2048,TENTATIVE
79.2,73,2034.45,6924.07,492.243,-31.2339,-106.302,-7.55717,TENTATIVE
79.4,1,6601.1,8052.82,3001.73,63.9235,76.3916,-0.895029,CONFIRMED
79.4,10,3014.58,9955.45,3006.3,0.157747,99.137,-0.129158,CONFIRMED
79.4,36,7951.12,574.188,3002.74,99.2858,-2.64871,-0.714777,CONFIRMED
79.4,37,7964.37,654.749,3004.96,102.624,2.4732,-0.397532,CONFIRMED
79.4,69,602.893,8025.72,2965.84,3.94853,52.5629,19.4242,TENTATIVE
79.4,70,-2773.9,1017.79,2188.7,45.3947,-16.6561,-35.8179,TENTATIVE
79.4,71,6190.97,2937.7,6561.31,105.163,49.9015,111.454,TENTATIVE
79.4,72,8142.4,8709.38,1444.71,-68.7862,-73.576,-12.2048,TENTATIVE
79.4,73,2028.2,6902.81,490.731,-31.2339,-106.302,-7.55717,TENTATIVE
79.6,1,6614.12,8067.21,3003.42,64.0001,76.1108,-0.301229,CONFIRMED
79.6,10,3014.4,9975.16,3006.89,0.088917,99.0981,0.0706437,CONFIRMED
79.6,36,7971.15,574.491,3001.99,99.3483,-2.32278,-0.94465,CONFIRMED
79.6,37,7984.87,655.272,3004.94,102.611,2.47193,-0.361553,CONFIRMED
79.6,69,603.683,8036.23,2969.72,3.94853,52.5629,19.4242,TENTATIVE
79.6,70,-2764.82,1014.46,2181.54,45.3947,-16.6561,-35.8179,TENTATIVE
79.6,71,6212,2947.68,6583.61,105.163,49.9015,111.454,TENTATIVE
79.6,72,8128.64,8694.67,1442.27,-68.7862,-73.576,-12.2048,TENTATIVE
79.6,73,2021.96,6881.55,489.22,-31.2339,-106.302,-7.55717,TENTATIVE
79.7,1,6619.75,8075.86,3002.28,63.747,76.4534,-0.668485,CONFIRMED
79.7,10,3014.9,9984.74,3007.51,0.25251,98.9899,0.270281,CONFIRMED
79.7,36,7981.32,573.778,3001.36,99.4381,-2.51129,-1.14993,CONFIRMED
79.7,37,7995.13,655.519,3004.9,102.611,2.47193,-0.361553,CONFIRMED
79.7,69,604.078,8041.49,2971.66,3.94853,52.5629,19.4242,TENTATIVE
79.7,70,-2760.28,1012.8,2177.96,45.3947,-16.6561,-35.8179,TENTATIVE
79.7,71,6222.52,2952.67,6594.75,105.163,49.9015,111.454,TENTATIVE
79.7,72,8121.76,8687.31,1441.05,-68.7862,-73.576,-12.2048,TENTATIVE
79.7,73,2018.83,6870.92,488.464,-31.2339,-106.302,-7.55717,TENTATIVE
79.9,1,6632.46,8091.13,3002.3,63.7322,76.4468,-0.61749,CONFIRMED
79.9,10,3015.69,10004.7,3006.4,0.485285,99.0299,-0.0971432,CONFIRMED
79.9,36,8000.97,572.643,3001.88,99.352,-2.75692,-0.872124,CONFIRMED
79.9,37,8015.11,655.106,3006.47,102.414,2.12404,0.243892,CONFIRMED
79.9,69,604.868,8052,2975.55,3.94853,52.5629,19.4242,TENTATIVE
79.9,70,-2751.2,1009.47,2170.79,45.3947,-16.6561,-35.8179,TENTATIVE
79.9,71,6243.55,2962.65,6617.04,105.163,49.9015,111.454,TENTATIVE
79.9,72,8108.01,8672.59,1438.61,-68.7862,-73.576,-12.2048,TENTATIVE
79.9,73,2012.59,6849.66,486.953,-31.2339,-106.302,-7.55717,TENTATIVE
80.1,1,6648.31,8109.76,3004.13,63.1534,75.5861,-0.71047,CONFIRMED
80.1,10,3016.39,10027.4,3006.7,0.697426,100.069,0.0238024,CONFIRMED
80.1,36,8021.5,572.908,3003.35,97.8105,-2.56916,-0.924908,CONFIRMED
80.1,37,8033.46,655.948,3005.71,97.6012,1.96296,-1.55514,CONFIRMED
80.1,72,8094.25,8657.88,1436.17,-68.7862,-73.576,-12.2048,TENTATIVE
80.1,73,2006.34,6828.4,485.441,-31.2339,-106.302,-7.55717,TENTATIVE
80.2,1,6654.77,8117.18,3004.14,63.1996,75.5394,-0.686071,CONFIRMED
80.2,10,3015.68,10037.7,3006.51,0.434838,100.167,-0.0440707,CONFIRMED
80.2,36,8031.09,572.249,3003.86,97.7384,-2.72557,-0.698061,CONFIRMED
80.2,37,8043.22,656.145,3005.55,97.6012,1.96296,-1.55514,CONFIRMED
80.2,72,8087.37,8650.52,1434.95,-68.7862,-73.576,-12.2048,TENTATIVE
80.2,73,2003.22,6817.77,484.686,-31.2339,-106.302,-7.55717,TENTATIVE
80.4,1,6666.83,8132.71,3004.12,63.0092,75.6802,-0.643732,CONFIRMED
80.4,10,3015.33,10057.8,3006.93,0.292507,100.168,0.0940589,CONFIRMED
80.4,36,8050.76,571.757,3003.36,97.7828,-2.70713,-0.822953,CONFIRMED
80.4,37,8062.65,656.846,3005.42,97.5679,2.07617,-1.48869,CONFIRMED
80.4,72,8073.61,8635.8,1432.51,-68.7862,-73.576,-12.2048,TENTATIVE
80.4,73,1996.97,6796.51,483.174,-31.2339,-106.302,-7.55717,TENTATIVE
80.6,1,6678.85,8148.4,3003.77,62.8237,75.8579,-0.714146,CONFIRMED
80.6,10,3016.07,10076.9,3009.18,0.515155,99.8929,0.805681,CONFIRMED
80.6,36,8070.25,571.684,3003.3,97.7569,-2.5307,-0.785686,CONFIRMED
80.6,37,8081.1,657.821,3007.87,97.1572,2.30356,-0.419718,CONFIRMED
80.6,72,8059.86,8621.09,1430.07,-68.7862,-73.576,-12.2048,TENTATIVE
80.6,73,1990.72,6775.25,481.663,-31.2339,-106.302,-7.55717,TENTATIVE
80.7,1,6686.63,8154.63,3004.08,63.3229,75.407,-0.599846,CONFIRMED
80.7,10,3015.74,10087.4,3007.96,0.387578,100.054,0.387504,CONFIRMED
80.7,36,8079.88,572.052,3003.51,97.7011,-2.28977,-0.679505,CONFIRMED
80.7,37,8090.81,658.051,3007.83,97.1572,2.30356,-0.419718,CONFIRMED
80.7,72,8052.98,8613.73,1428.85,-68.7862,-73.576,-12.2048,TENTATIVE
80.7,73,1987.6,6764.61,480.907,-31.2339,-106.302,-7.55717,TENTATIVE
80.9,1,6699.02,8169.78,3004.37,63.2352,75.43,-0.465663,CONFIRMED
80.9,10,3015.19,10107.4,3008.88,0.191895,100.032,0.659212,CONFIRMED
80.9,36,8099.98,570.503,3002.07,97.9092,-2.72287,-1.16325,CONFIRMED
80.9,37,8110.48,658.43,3007.13,97.241,2.27389,-0.641295,CONFIRMED
80.9,72,8039.22,8599.02,1426.4,-68.7862,-73.576,-12.2048,TENTATIVE
80.9,73,1981.35,6743.35,479.396,-31.2339,-106.302,-7.55717,TENTATIVE
81.1,1,6710.53,8183.44,3003.66,63.6001,75.864,-0.344996,CONFIRMED
81.1,10,3014.1,10126.4,3007.57,-0.305387,99.2269,0.0562609,CONFIRMED
81.1,36,8119.55,569.826,3000.07,99.6643,-2.6504,-1.17528,CONFIRMED
81.1,37,8130.98,658.768,3007.34,98.5744,2.30782,-0.172475,CONFIRMED
81.1,73,1975.11,6722.09,477.884,-31.2339,-106.302,-7.55717,TENTATIVE
81.1,74,-13650.1,417.048,5996.19,-50.8952,1.55499,22.3572,TENTATIVE
81.1,75,3469.42,3478.88,1029.01,22.7927,22.8548,6.76021,TENTATIVE
81.2,1,6716.89,8191.03,3003.62,63.6001,75.864,-0.344996,CONFIRMED
81.2,10,3014.36,10136.5,3006.68,-0.210595,99.2829,-0.231532,CONFIRMED
81.2,36,8129.4,569.745,3000.21,99.6231,-2.58012,-1.07441,CONFIRMED
81.2,37,8141,658.623,3006.98,98.6321,2.16239,-0.299922,CONFIRMED
81.2,73,1971.98,6711.46,477.128,-31.2339,-106.302,-7.55717,TENTATIVE
81.2,74,-13655.2,417.204,5998.43,-50.8952,1.55499,22.3572,TENTATIVE
81.2,75,3471.7,3481.16,1029.69,22.7927,22.8548,6.76021,TENTATIVE
81.4,1,6730.4,8205.71,3003.12,63.8507,75.7065,-0.478854,CONFIRMED
81.4,10,3013.14,10157.1,3005.16,-0.582085,99.525,-0.691423,CONFIRMED
81.4,36,8149.5,569.835,2999.41,99.6856,-2.34021,-1.29241,CONFIRMED
81.4,37,8160.79,658.958,3006.77,98.6551,2.12601,-0.355426,CONFIRMED
81.4,73,1965.74,6690.2,475.617,-31.2339,-106.302,-7.55717,TENTATIVE
81.4,74,-13665.4,417.515,6002.9,-50.8952,1.55499,22.3572,TENTATIVE
81.4,75,3476.26,3485.73,1031.04,22.7927,22.8548,6.76021,TENTATIVE
81.6,1,6742.54,8220.84,3004.5,63.6498,75.7056,-0.0186975,CONFIRMED
81.6,10,3012.84,10177.1,3005.05,-0.634033,99.5394,-0.688683,CONFIRMED
81.6,36,8169.32,569.298,2999.48,99.6433,-2.38779,-1.16646,CONFIRMED
81.6,37,8180.62,659.915,3006.32,98.6894,2.31734,-0.49218,CONFIRMED
81.6,73,1959.49,6668.94,474.106,-31.2339,-106.302,-7.55717,TENTATIVE
81.6,74,-13675.5,417.826,6007.37,-50.8952,1.55499,22.3572,TENTATIVE
81.6,75,3480.81,3490.3,1032.39,22.7927,22.8548,6.76021,TENTATIVE
81.7,1,6749.08,8227.87,3005.58,63.7089,75.5319,0.328347,CONFIRMED
81.7,10,3013.2,10187.1,3004.28,-0.493247,99.5627,-0.909742,CONFIRMED
81.7,36,8179.29,569.059,2999.37,99.6433,-2.38779,-1.16646,CONFIRMED
81.7,37,8190.7,659.63,3005.78,98.7709,2.11837,-0.673034,CONFIRMED
81.7,73,1956.37,6658.31,473.35,-31.2339,-106.302,-7.55717,TENTATIVE
81.7,74,-13680.6,417.981,6009.61,-50.8952,1.55499,22.3572,TENTATIVE
81.7,75,3483.09,3492.59,1033.07,22.7927,22.8548,6.76021,TENTATIVE
81.9,1,6761.22,8243.61,3005.25,63.5177,75.7321,0.208227,CONFIRMED
81.9,10,3013.19,10207,3004.01,-0.460817,99.5593,-0.930659,CONFIRMED
81.9,36,8198.89,569.695,2999.82,99.5237,-1.9745,-0.914858,CONFIRMED
81.9,37,8210.38,661.197,3005.6,98.7458,2.53986,-0.696544,CONFIRMED
81.9,73,1950.12,6637.05,471.838,-31.2339,-106.302,-7.55717,TENTATIVE
81.9,74,-13690.8,418.292,6014.08,-50.8952,1.55499,22.3572,TENTATIVE
81.9,75,3487.65,3497.16,1034.42,22.7927,22.8548,6.76021,TENTATIVE
82.1,1,6775.21,8260,3005.92,63.3503,75.4216,0.147413,CONFIRMED
82.1,10,3012.89,10229,3004.04,-0.593593,99.9908,-0.923196,CONFIRMED
82.1,36,8222.46,569.249,3000.64,101.167,-1.97515,-0.442594,CONFIRMED
82.1,37,8229.72,660.067,3004.82,98.3793,1.90566,-1.00894,CONFIRMED
82.1,74,-13701,418.603,6018.55,-50.8952,1.55499,22.3572,TENTATIVE
82.1,75,3492.21,3501.73,1035.77,22.7927,22.8548,6.76021,TENTATIVE
82.2,1,6782.91,8266.22,3006.5,63.7995,74.987,0.332414,CONFIRMED
82.2,10,3012.83,10239,3003.95,-0.593593,99.9908,-0.923196,CONFIRMED
82.2,36,8232.85,568.756,2999.9,101.267,-2.08875,-0.70152,CONFIRMED
82.2,37,8239.36,660.937,3005.12,98.3056,2.16584,-0.860088,CONFIRMED
82.2,74,-13706.1,418.759,6020.79,-50.8952,1.55499,22.3572,TENTATIVE
82.2,75,3494.49,3504.02,1036.45,22.7927,22.8548,6.76021,TENTATIVE
82.4,1,6796.51,8280.55,3006.51,64.0753,74.7691,0.309048,CONFIRMED
82.4,10,3011.5,10259.4,3003.59,-0.988244,100.121,-0.979629,CONFIRMED
82.4,36,8252.6,567.657,3001.27,101.087,-2.34666,-0.148312,CONFIRMED
82.4,37,8259.02,662.598,3004.67,98.3021,2.63731,-0.954955,CONFIRMED
82.4,74,-13716.3,419.07,6025.26,-50.8952,1.55499,22.3572,TENTATIVE
82.4,75,3499.05,3508.59,1037.8,22.7927,22.8548,6.76021,TENTATIVE
82.6,1,6810.23,8294.68,3006.8,64.3695,74.5007,0.384329,CONFIRMED
82.6,10,3010.73,10279.6,3003.17,-1.1731,100.195,-1.05183,CONFIRMED
82.6,36,8272.51,567.352,3002.05,100.974,-2.28367,0.154889,CONFIRMED
82.6,37,8278.94,663.385,3003.71,98.3965,2.73006,-1.23907,CONFIRMED
82.6,74,-13726.4,419.381,6029.73,-50.8952,1.55499,22.3572,TENTATIVE
82.6,75,3503.61,3513.16,1039.15,22.7927,22.8548,6.76021,TENTATIVE
82.7,1,6817.2,8301.7,3006.8,64.5423,74.3631,0.372714,CONFIRMED
82.7,10,3010.33,10289.6,3003.58,-1.26532,100.173,-0.883902,CONFIRMED
82.7,36,8282.49,567.778,3002.27,100.931,-2.0349,0.229328,CONFIRMED
82.7,37,8288.87,663.494,3003.39,98.4269,2.6674,-1.3101,CONFIRMED
82.7,74,-13731.5,419.536,6031.96,-50.8952,1.55499,22.3572,TENTATIVE
82.7,75,3505.89,3515.44,1039.83,22.7927,22.8548,6.76021,TENTATIVE
82.9,1,6829.47,8316.97,3007.23,64.3301,74.497,0.485172,CONFIRMED
82.9,10,3010.36,10309.7,3002.66,-1.18456,100.218,-1.11961,CONFIRMED
82.9,36,8302.03,567.875,3004.03,100.693,-1.8413,0.855047,CONFIRMED
82.9,37,8308.51,664.007,3003.26,98.4104,2.65576,-1.26138,CONFIRMED
82.9,74,-13741.7,419.847,6036.44,-50.8952,1.55499,22.3572,TENTATIVE
82.9,75,3510.44,3520.02,1041.18,22.7927,22.8548,6.76021,TENTATIVE
83.1,1,6843.11,8332.53,3006.83,63.3411,73.1912,-0.209336,CONFIRMED
83.1,10,3008.29,10327.5,3002.26,-1.74983,99.5564,-1.14987,CONFIRMED
83.1,36,8322.63,567.185,3002.98,100.859,-1.96063,0.414087,CONFIRMED
83.1,37,8327.88,665.124,3003.97,98.584,2.89719,-0.817055,CONFIRMED
83.1,74,-13751.9,420.158,6040.91,-50.8952,1.55499,22.3572,TENTATIVE
83.1,75,3515,3524.59,1042.53,22.7927,22.8548,6.76021,TENTATIVE
83.1,76,1540.03,8773.33,3229.38,-27.8399,-158.6,-58.3792,TENTATIVE
83.2,1,6850.04,8339.45,3006.57,63.532,73.0612,-0.285406,CONFIRMED
83.2,10,3009.52,10336.8,3003.01,-1.28516,99.344,-0.868665,CONFIRMED
83.2,36,8332.71,566.989,3003.03,100.859,-1.96063,0.414087,CONFIRMED
83.2,37,8337.75,664.776,3003.98,98.5909,2.65552,-0.782762,CONFIRMED
83.2,74,-13757,420.314,6043.14,-50.8952,1.55499,22.3572,TENTATIVE
83.2,75,3517.28,3526.87,1043.21,22.7927,22.8548,6.76021,TENTATIVE
83.2,76,1537.24,8757.47,3223.54,-27.8399,-158.6,-58.3792,TENTATIVE
83.4,1,6861.61,8355.02,3006.44,63.1645,73.3703,-0.30573,CONFIRMED
83.4,10,3008.45,10356.9,3002.9,-1.5464,99.4134,-0.850617,CONFIRMED
83.4,36,8352.67,564.591,3004.07,100.779,-2.71073,0.779016,CONFIRMED
83.4,37,8357.25,664.263,3004.69,98.5086,2.27177,-0.46414,CONFIRMED
83.4,74,-13767.2,420.625,6047.61,-50.8952,1.55499,22.3572,TENTATIVE
83.4,75,3521.84,3531.44,1044.56,22.7927,22.8548,6.76021,TENTATIVE
83.4,76,1531.68,8725.75,3211.87,-27.8399,-158.6,-58.3792,TENTATIVE
83.6,1,6873.54,8370.3,3006.28,62.9436,73.5616,-0.333286,CONFIRMED
83.6,10,3009.65,10376.2,3003.16,-1.07096,99.2391,-0.715289,CONFIRMED
83.6,36,8372.98,564.261,3003.77,100.834,-2.63116,0.610202,CONFIRMED
83.6,37,8376.76,665.382,3004.97,98.4449,2.49428,-0.33361,CONFIRMED
83.6,74,-13777.3,420.936,6052.09,-50.8952,1.55499,22.3572,TENTATIVE
83.6,75,3526.4,3536.01,1045.92,22.7927,22.8548,6.76021,TENTATIVE
83.6,76,1526.11,8694.03,3200.19,-27.8399,-158.6,-58.3792,TENTATIVE
83.7,1,6881.02,8377.02,3005.34,63.3241,73.3498,-0.617651,CONFIRMED
83.7,10,3008.97,10386.5,3002.42,-1.25643,99.3525,-0.92704,CONFIRMED
83.7,36,8383.32,563.424,3003.23,100.928,-2.84661,0.390887,CONFIRMED
83.7,37,8386.61,665.631,3004.93,98.4449,2.49428,-0.33361,CONFIRMED
83.7,74,-13782.4,421.091,6054.32,-50.8952,1.55499,22.3572,TENTATIVE
83.7,75,3528.68,3538.3,1046.59,22.7927,22.8548,6.76021,TENTATIVE
83.7,76,1523.32,8678.17,3194.35,-27.8399,-158.6,-58.3792,TENTATIVE
83.9,1,6894.11,8391.59,3004.5,63.467,73.3133,-0.845436,CONFIRMED
83.9,10,3009.02,10406.2,3002.3,-1.16519,99.3212,-0.908802,CONFIRMED
83.9,36,8403.76,561.585,3002.83,101.022,-3.32364,0.216204,CONFIRMED
83.9,37,8406.41,665.944,3004.59,98.4835,2.42253,-0.426448,CONFIRMED
83.9,74,-13792.6,421.402,6058.79,-50.8952,1.55499,22.3572,TENTATIVE
83.9,75,3533.24,3542.87,1047.94,22.7927,22.8548,6.76021,TENTATIVE
83.9,76,1517.76,8646.45,3182.68,-27.8399,-158.6,-58.3792,TENTATIVE
84.1,1,6908.6,8410.17,3005.66,65.2613,76.0495,0.0982323,CONFIRMED
84.1,10,3008.78,10427.2,3001.13,-1.23062,99.4694,-1.28451,CONFIRMED
84.1,36,8418.69,563.164,3003.92,98.9856,-2.46118,0.552543,CONFIRMED
84.1,37,8427.34,665.976,3006.18,101.778,2.47345,1.18343,CONFIRMED
84.1,76,1512.19,8614.73,3171,-27.8399,-158.6,-58.3792,TENTATIVE
84.2,1,6914.87,8418.25,3004.93,65.1783,76.1998,-0.136009,CONFIRMED
84.2,10,3009.49,10436.8,3001.46,-0.95846,99.3519,-1.14015,CONFIRMED
84.2,36,8428.59,562.918,3003.98,98.9856,-2.46118,0.552543,CONFIRMED
84.2,37,8437.79,666.033,3005.55,101.878,2.40228,0.913017,CONFIRMED
84.2,76,1509.4,8598.87,3165.16,-27.8399,-158.6,-58.3792,TENTATIVE
84.4,1,6929.22,8432.55,3004.49,65.5862,75.9098,-0.265752,CONFIRMED
84.4,10,3010.09,10456.7,3000.14,-0.705289,99.3774,-1.48449,CONFIRMED
84.4,36,8448.53,563.469,3003.49,99.0333,-2.07203,0.34368,CONFIRMED
84.4,37,8458.48,666.048,3004.95,101.992,2.22136,0.627783,CONFIRMED
84.4,76,1503.84,8567.15,3153.49,-27.8399,-158.6,-58.3792,TENTATIVE
84.6,1,6942.08,8447.76,3004.95,65.5005,75.922,-0.0996186,CONFIRMED
84.6,10,3010.1,10476.3,3000.77,-0.655654,99.2809,-1.19245,CONFIRMED
84.6,36,8468.71,563.034,3002.5,99.1736,-2.08786,-0.0544945,CONFIRMED
84.6,37,8478.88,666.236,3005.13,101.992,2.12591,0.64786,CONFIRMED
84.6,76,1498.27,8535.43,3141.81,-27.8399,-158.6,-58.3792,TENTATIVE
84.7,1,6947.79,8455.73,3005.85,65.2277,76.0452,0.188217,CONFIRMED
84.7,10,3009.99,10485.9,3001.72,-0.667559,99.189,-0.855147,CONFIRMED
84.7,36,8478.63,562.825,3002.5,99.1736,-2.08786,-0.0544945,CONFIRMED
84.7,37,8489.15,666.478,3005.01,102.015,2.13692,0.579106,CONFIRMED
84.7,76,1495.48,8519.57,3135.98,-27.8399,-158.6,-58.3792,TENTATIVE
84.9,1,6960.13,8471.98,3004.57,64.9963,76.3847,-0.236122,CONFIRMED
84.9,10,3009.83,10505.6,3002.08,-0.676373,99.1455,-0.692315,CONFIRMED
84.9,36,8498.4,561.415,3002.86,99.1501,-2.46077,0.0819376,CONFIRMED
84.9,37,8509.08,666.52,3006.55,101.85,1.99696,1.08144,CONFIRMED
84.9,76,1489.92,8487.85,3124.3,-27.8399,-158.6,-58.3792,TENTATIVE
85.1,1,6972.94,8486.13,3004.52,63.6812,74.5032,-0.780411,CONFIRMED
85.1,10,3011.2,10526.1,2999.78,-0.799326,97.2397,-1.94837,CONFIRMED
85.1,36,8516.28,560.718,3000.84,98.273,-2.54346,-0.708538,CONFIRMED
85.1,37,8529.51,665.913,3006.82,101.872,1.62321,1.10123,CONFIRMED
85.1,76,1484.35,8456.13,3112.62,-27.8399,-158.6,-58.3792,TENTATIVE
85.1,77,10472.9,588.278,9320.49,134.92,7.57864,120.074,TENTATIVE
85.2,1,6979.31,8493.58,3004.44,63.6812,74.5032,-0.780411,CONFIRMED
85.2,10,3010.8,10536.1,2998.81,-0.90147,97.3356,-2.18988,CONFIRMED
85.2,36,8526.33,560.32,3000.15,98.3534,-2.59723,-0.931981,CONFIRMED
85.2,37,8540.17,665.498,3005.72,102.045,1.41052,0.657817,CONFIRMED
85.2,76,1481.56,8440.27,3106.79,-27.8399,-158.6,-58.3792,TENTATIVE
85.2,77,10486.4,589.036,9332.5,134.92,7.57864,120.074,TENTATIVE
85.4,1,6991.91,8508.5,3004.52,63.6299,74.5163,-0.69678,CONFIRMED
85.4,10,3010.77,10555.1,2999.79,-0.85705,97.2039,-1.76222,CONFIRMED
85.4,36,8546,560.437,2999.86,98.3542,-2.3514,-0.979515,CONFIRMED
85.4,37,8560.63,664.796,3005.9,102.066,1.04682,0.676841,CONFIRMED
85.4,76,1476,8408.55,3095.11,-27.8399,-158.6,-58.3792,TENTATIVE
85.4,77,10513.4,590.551,9356.51,134.92,7.57864,120.074,TENTATIVE
85.6,1,7004.9,8523.19,3004.39,63.712,74.4487,-0.696303,CONFIRMED
85.6,10,3011.56,10574.6,2998.48,-0.562778,97.2016,-2.04928,CONFIRMED
85.6,36,8565.88,559.881,2999.06,98.4319,-2.37517,-1.19986,CONFIRMED
85.6,37,8581.15,663.235,3006.14,102.105,0.402117,0.71004,CONFIRMED
85.6,76,1470.43,8376.83,3083.43,-27.8399,-158.6,-58.3792,TENTATIVE
85.6,77,10540.4,592.067,9380.53,134.92,7.57864,120.074,TENTATIVE
85.7,1,7010.59,8531.41,3003.71,63.4951,74.6936,-0.887906,CONFIRMED
85.7,10,3011.9,10583.9,2999.17,-0.439253,97.0896,-1.77277,CONFIRMED
85.7,36,8575.73,559.643,2998.94,98.4319,-2.37517,-1.19986,CONFIRMED
85.7,37,8591.23,662.977,3006.64,102.058,0.288455,0.870157,CONFIRMED
85.7,76,1467.64,8360.97,3077.6,-27.8399,-158.6,-58.3792,TENTATIVE
85.7,77,10553.9,592.825,9392.53,134.92,7.57864,120.074,TENTATIVE
85.9,1,7023.5,8546.16,3003.57,63.5604,74.6351,-0.874074,CONFIRMED
85.9,10,3013.48,10602.2,3001.37,0.0935855,96.7194,-0.985188,CONFIRMED
85.9,36,8595.23,560.044,2999.06,98.3686,-2.05635,-1.07636,CONFIRMED
85.9,37,8611.66,663.278,3006.72,102.063,0.377699,0.836206,CONFIRMED
85.9,76,1462.08,8329.25,3065.92,-27.8399,-158.6,-58.3792,TENTATIVE
85.9,77,10580.9,594.341,9416.55,134.92,7.57864,120.074,TENTATIVE
86.1,1,7035.51,8561.36,3004.28,63.3412,74.7187,-0.596612,CONFIRMED
86.1,10,3013.54,10624.1,3001.58,0.71234,99.6886,-0.248205,CONFIRMED
86.1,36,8612.17,561.518,2999.19,98.6096,-1.28221,-0.534176,CONFIRMED
86.1,37,8629.75,662.883,3006.59,101.651,0.235605,0.882346,CONFIRMED
86.1,77,10607.8,595.857,9440.56,134.92,7.57864,120.074,TENTATIVE
86.1,78,-4479.87,431.125,2921.7,43.7529,-4.21061,-28.5349,TENTATIVE
86.1,79,2497.29,2060.36,1234.8,127.586,105.264,63.0859,TENTATIVE
86.2,1,7042.54,8568.44,3003.72,63.5596,74.5931,-0.751544,CONFIRMED
86.2,10,3014.09,10633.8,3001.74,0.867791,99.6295,-0.190814,CONFIRMED
86.2,36,8621.69,561.351,3000.13,98.4869,-1.29626,-0.171056,CONFIRMED
86.2,37,8639.89,664.501,3006.39,101.642,0.816681,0.781692,CONFIRMED
86.2,77,10621.3,596.614,9452.57,134.92,7.57864,120.074,TENTATIVE
86.2,78,-4475.49,430.704,2918.84,43.7529,-4.21061,-28.5349,TENTATIVE
86.2,79,2510.05,2070.89,1241.11,127.586,105.264,63.0859,TENTATIVE
86.4,1,7054.29,8584.09,3003.71,63.2609,74.8256,-0.714164,CONFIRMED
86.4,10,3013.02,10654,3002.02,0.480966,99.71,-0.0930069,CONFIRMED
86.4,36,8640.93,560.963,3001.44,98.3269,-1.33987,0.306042,CONFIRMED
86.4,37,8660.31,665.281,3006.17,101.668,1.04019,0.653533,CONFIRMED
86.4,77,10648.3,598.13,9476.58,134.92,7.57864,120.074,TENTATIVE
86.4,78,-4466.74,429.862,2913.13,43.7529,-4.21061,-28.5349,TENTATIVE
86.4,79,2535.56,2091.94,1253.73,127.586,105.264,63.0859,TENTATIVE
86.6,1,7066.76,8599.35,3003.18,63.1974,74.9193,-0.833136,CONFIRMED
86.6,10,3013.5,10674.1,3001.15,0.5938,99.749,-0.347094,CONFIRMED
86.6,36,8660.62,560.398,3001.5,98.3347,-1.45013,0.303786,CONFIRMED
86.6,37,8680.96,665.013,3005.48,101.775,0.87622,0.376016,CONFIRMED
86.6,77,10675.3,599.646,9500.6,134.92,7.57864,120.074,TENTATIVE
86.6,78,-4457.99,429.02,2907.43,43.7529,-4.21061,-28.5349,TENTATIVE
86.6,79,2561.08,2112.99,1266.34,127.586,105.264,63.0859,TENTATIVE
86.7,1,7073.08,8606.84,3003.09,63.1974,74.9193,-0.833136,CONFIRMED
86.7,10,3014.35,10683.8,3001.12,0.842734,99.6794,-0.346253,CONFIRMED
86.7,36,8670.4,560.675,3001.61,98.3116,-1.29049,0.341465,CONFIRMED
86.7,37,8691.34,665.727,3004.79,101.846,1.10393,0.118797,CONFIRMED
86.7,77,10688.8,600.404,9512.61,134.92,7.57864,120.074,TENTATIVE
86.7,78,-4453.61,428.599,2904.57,43.7529,-4.21061,-28.5349,TENTATIVE
86.7,79,2573.84,2123.52,1272.65,127.586,105.264,63.0859,TENTATIVE
86.9,1,7085.37,8622.36,3002.22,63.0941,75.0825,-1.05751,CONFIRMED
86.9,10,3015,10703.6,3001.33,0.989611,99.6146,-0.260443,CONFIRMED
86.9,36,8690.11,560.058,3001.59,98.3306,-1.42349,0.310707,CONFIRMED
86.9,37,8712.03,665.789,3003.93,101.958,1.04271,-0.193569,CONFIRMED
86.9,77,10715.8,601.919,9536.62,134.92,7.57864,120.074,TENTATIVE
86.9,78,-4444.86,427.757,2898.87,43.7529,-4.21061,-28.5349,TENTATIVE
86.9,79,2599.36,2144.57,1285.27,127.586,105.264,63.0859,TENTATIVE
87.1,1,7096.82,8635.98,3001.57,62.8893,74.8721,-1.12318,CONFIRMED
87.1,10,3014.76,10721.2,3000.95,0.602801,97.9797,-0.612046,CONFIRMED
87.1,36,8715.56,559.782,3002.9,97.367,-1.61606,-0.291518,CONFIRMED
87.1,37,8729.21,665.603,3002.97,99.4284,0.8003,-0.988982,CONFIRMED
87.1,77,10742.8,603.435,9560.64,134.92,7.57864,120.074,TENTATIVE
87.1,78,-4436.11,426.915,2893.16,43.7529,-4.21061,-28.5349,TENTATIVE
87.1,79,2624.87,2165.63,1297.89,127.586,105.264,63.0859,TENTATIVE
87.1,80,1025.72,1293.54,181.965,-14.5559,-18.3564,-2.58224,TENTATIVE
87.1,81,7041.17,3357.71,939.993,67.2231,32.0566,8.97425,TENTATIVE
87.1,82,-6522.76,12723,1304.96,-69.9828,136.506,14.0009,TENTATIVE
87.2,1,7102.55,8643.56,3002.52,62.7093,74.9045,-0.78324,CONFIRMED
87.2,10,3014.77,10730.8,3001.58,0.588336,97.9254,-0.399094,CONFIRMED
87.2,36,8725.46,559.212,3002.47,97.4257,-1.7671,-0.437914,CONFIRMED
87.2,37,8739.17,666.206,3002.69,99.4357,0.9907,-1.05301,CONFIRMED
87.2,77,10756.3,604.193,9572.64,134.92,7.57864,120.074,TENTATIVE
87.2,78,-4431.74,426.494,2890.31,43.7529,-4.21061,-28.5349,TENTATIVE
87.2,79,2637.63,2176.15,1304.19,127.586,105.264,63.0859,TENTATIVE
87.2,80,1024.27,1291.7,181.707,-14.5559,-18.3564,-2.58224,TENTATIVE
87.2,81,7047.89,3360.92,940.89,67.2231,32.0566,8.97425,TENTATIVE
87.2,82,-6529.76,12736.7,1306.36,-69.9828,136.506,14.0009,TENTATIVE
87.4,1,7115.51,8658.41,3001.74,62.8411,74.8621,-0.976964,CONFIRMED
87.4,10,3015.16,10750.2,3001.81,0.667217,97.8733,-0.288632,CONFIRMED
87.4,36,8744.98,559.758,3002.12,97.4336,-1.42779,-0.524304,CONFIRMED
87.4,37,8759.01,666.572,3002.59,99.4195,1.0491,-1.01778,CONFIRMED
87.4,77,10783.2,605.709,9596.66,134.92,7.57864,120.074,TENTATIVE
87.4,78,-4422.99,425.652,2884.6,43.7529,-4.21061,-28.5349,TENTATIVE
87.4,79,2663.15,2197.21,1316.81,127.586,105.264,63.0859,TENTATIVE
87.4,80,1021.35,1288.03,181.19,-14.5559,-18.3564,-2.58224,TENTATIVE
87.4,81,7061.33,3367.33,942.685,67.2231,32.0566,8.97425,TENTATIVE
87.4,82,-6543.76,12764,1309.16,-69.9828,136.506,14.0009,TENTATIVE
87.6,1,7128.53,8672.77,3002.27,62.9792,74.6727,-0.754791,CONFIRMED
87.6,10,3014.65,10769.9,3002.04,0.464779,97.9047,-0.199409,CONFIRMED
87.6,36,8764.75,558.5,3001.36,97.5336,-1.78347,-0.754174,CONFIRMED
87.6,37,8778.49,666.531,3003.63,99.2802,0.938533,-0.580067,CONFIRMED
87.6,77,10810.2,607.224,9620.67,134.92,7.57864,120.074,TENTATIVE
87.6,78,-4414.24,424.809,2878.89,43.7529,-4.21061,-28.5349,TENTATIVE
87.6,79,2688.67,2218.26,1329.43,127.586,105.264,63.0859,TENTATIVE
87.6,80,1018.44,1284.36,180.674,-14.5559,-18.3564,-2.58224,TENTATIVE
87.6,81,7074.78,3373.74,944.48,67.2231,32.0566,8.97425,TENTATIVE
87.6,82,-6557.75,12791.3,1311.96,-69.9828,136.506,14.0009,TENTATIVE
87.7,1,7134.38,8680.55,3002.33,62.8392,74.774,-0.714056,CONFIRMED
87.7,10,3014.53,10779.7,3002,0.412831,97.9209,-0.206225,CONFIRMED
87.7,36,8774.3,558.252,3001.87,97.4633,-1.809,-0.541678,CONFIRMED
87.7,37,8788.42,666.624,3003.57,99.2802,0.938533,-0.580067,CONFIRMED
87.7,77,10823.7,607.982,9632.68,134.92,7.57864,120.074,TENTATIVE
87.7,78,-4409.86,424.388,2876.04,43.7529,-4.21061,-28.5349,TENTATIVE
87.7,79,2701.43,2228.78,1335.74,127.586,105.264,63.0859,TENTATIVE
87.7,80,1016.99,1282.52,180.416,-14.5559,-18.3564,-2.58224,TENTATIVE
87.7,81,7081.5,3376.94,945.377,67.2231,32.0566,8.97425,TENTATIVE
87.7,82,-6564.75,12804.9,1313.36,-69.9828,136.506,14.0009,TENTATIVE
87.9,1,7147,8695.44,3002.27,62.8534,74.7529,-0.686634,CONFIRMED
87.9,10,3013.57,10799.8,3001.34,0.0877577,98.0627,-0.394738,CONFIRMED
87.9,36,8793.61,557.741,3002.33,97.3992,-1.86087,-0.342785,CONFIRMED
87.9,37,8808.09,667.682,3003.81,99.2095,1.25511,-0.441178,CONFIRMED
87.9,77,10850.7,609.498,9656.7,134.92,7.57864,120.074,TENTATIVE
87.9,78,-4401.11,423.546,2870.33,43.7529,-4.21061,-28.5349,TENTATIVE
87.9,79,2726.94,2249.84,1348.35,127.586,105.264,63.0859,TENTATIVE
87.9,80,1014.08,1278.85,179.899,-14.5559,-18.3564,-2.58224,TENTATIVE
87.9,81,7094.94,3383.35,947.172,67.2231,32.0566,8.97425,TENTATIVE
87.9,82,-6578.75,12832.2,1316.16,-69.9828,136.506,14.0009,TENTATIVE
88.1,1,7162.62,8714.81,3003.41,65.424,78.0889,0.376429,CONFIRMED
88.1,10,3015.6,10824.3,3002.73,1.25327,101.574,0.592615,CONFIRMED
88.1,36,8815.26,555.596,3003.5,98.1367,-2.49484,0.0692819,CONFIRMED
88.1,37,8828.71,669.284,3004.61,99.4514,1.74497,-0.138879,CONFIRMED
88.1,78,-4392.36,422.704,2864.63,43.7529,-4.21061,-28.5349,TENTATIVE
88.1,79,2752.46,2270.89,1360.97,127.586,105.264,63.0859,TENTATIVE
88.1,80,1011.17,1275.18,179.383,-14.5559,-18.3564,-2.58224,TENTATIVE
88.1,81,7108.39,3389.77,948.967,67.2231,32.0566,8.97425,TENTATIVE
88.1,82,-6592.74,12859.5,1318.96,-69.9828,136.506,14.0009,TENTATIVE
88.2,1,7169.14,8722.47,3003.94,65.4187,78.0426,0.526772,CONFIRMED
88.2,10,3015.63,10834.7,3002.16,1.22369,101.634,0.399194,CONFIRMED
88.2,36,8824.82,556.046,3004.11,98.0463,-2.2285,0.291275,CONFIRMED
88.2,37,8838.67,668.676,3004.71,99.4589,1.4589,-0.097577,CONFIRMED
88.2,78,-4387.99,422.283,2861.77,43.7529,-4.21061,-28.5349,TENTATIVE
88.2,79,2765.22,2281.42,1367.28,127.586,105.264,63.0859,TENTATIVE
88.2,80,1009.71,1273.34,179.125,-14.5559,-18.3564,-2.58224,TENTATIVE
88.2,81,7115.11,3392.97,949.864,67.2231,32.0566,8.97425,TENTATIVE
88.2,82,-6599.74,12873.2,1320.36,-69.9828,136.506,14.0009,TENTATIVE
88.4,1,7182.61,8737.41,3005.06,65.5369,77.8386,0.842838,CONFIRMED
88.4,10,3013.61,10855.5,3002.78,0.522097,101.779,0.571075,CONFIRMED
88.4,36,8844.61,554.393,3003.87,98.1088,-2.67073,0.18552,CONFIRMED
88.4,37,8858.64,670.483,3004.11,99.4868,2.00442,-0.303202,CONFIRMED
88.4,78,-4379.23,421.441,2856.06,43.7529,-4.21061,-28.5349,TENTATIVE
88.4,79,2790.74,2302.47,1379.9,127.586,105.264,63.0859,TENTATIVE
88.4,80,1006.8,1269.67,178.608,-14.5559,-18.3564,-2.58224,TENTATIVE
88.4,81,7128.56,3399.38,951.659,67.2231,32.0566,8.97425,TENTATIVE
88.4,82,-6613.74,12900.5,1323.16,-69.9828,136.506,14.0009,TENTATIVE
88.6,1,7194.27,8753.93,3005.95,65.0991,78.126,1.05749,CONFIRMED
88.6,10,3013.72,10875.5,3003.99,0.521898,101.687,0.908669,CONFIRMED
88.6,36,8864.01,553.012,3004.71,98.032,-2.97365,0.470875,CONFIRMED
88.6,37,8878.51,671.278,3004.07,99.4756,2.15002,-0.302072,CONFIRMED
88.6,78,-4370.48,420.599,2850.36,43.7529,-4.21061,-28.5349,TENTATIVE
88.6,79,2816.25,2323.52,1392.51,127.586,105.264,63.0859,TENTATIVE
88.6,80,1003.89,1266,178.092,-14.5559,-18.3564,-2.58224,TENTATIVE
88.6,81,7142,3405.79,953.454,67.2231,32.0566,8.97425,TENTATIVE
88.6,82,-6627.74,12927.8,1325.96,-69.9828,136.506,14.0009,TENTATIVE
88.7,1,7200.75,8761.87,3005.74,65.0937,78.1622,0.963627,CONFIRMED
88.7,10,3012.72,10886.1,3003.59,0.193302,101.819,0.755705,CONFIRMED
88.7,36,8874.27,552.777,3003.41,98.1903,-2.95112,-0.00635144,CONFIRMED
88.7,37,8888.45,671.493,3004.04,99.4756,2.15002,-0.302072,CONFIRMED
88.7,78,-4366.11,420.178,2847.5,43.7529,-4.21061,-28.5349,TENTATIVE
88.7,79,2829.01,2334.05,1398.82,127.586,105.264,63.0859,TENTATIVE
88.7,80,1002.43,1264.17,177.833,-14.5559,-18.3564,-2.58224,TENTATIVE
88.7,81,7148.72,3409,954.351,67.2231,32.0566,8.97425,TENTATIVE
88.7,82,-6634.73,12941.4,1327.36,-69.9828,136.506,14.0009,TENTATIVE
88.9,1,7213.45,8777.87,3005.64,64.9932,78.2762,0.871227,CONFIRMED
88.9,10,3013.95,10906.3,3003.1,0.56115,101.771,0.561451,CONFIRMED
88.9,36,8894.2,553.39,3002.33,98.2896,-2.51447,-0.383002,CONFIRMED
88.9,37,8908.35,672.898,3003.77,99.4734,2.50792,-0.375377,CONFIRMED
88.9,78,-4357.36,419.336,2841.8,43.7529,-4.21061,-28.5349,TENTATIVE
88.9,79,2854.53,2355.1,1411.44,127.586,105.264,63.0859,TENTATIVE
88.9,80,999.521,1260.49,177.317,-14.5559,-18.3564,-2.58224,TENTATIVE
88.9,81,7162.17,3415.41,956.146,67.2231,32.0566,8.97425,TENTATIVE
88.9,82,-6648.73,12968.7,1330.16,-69.9828,136.506,14.0009,TENTATIVE
89.1,1,7227.95,8794.05,3005.11,64.5441,77.3298,0.273252,CONFIRMED
89.1,10,3015.1,10928.2,3005.52,1.1835,103.34,1.55769,CONFIRMED
89.1,36,8913.85,552.841,3002.28,98.2857,-2.53105,-0.368505,CONFIRMED
89.1,37,8930.31,673.984,3003.08,101.42,2.80994,-0.190432,CONFIRMED
89.1,80,996.61,1256.82,176.801,-14.5559,-18.3564,-2.58224,TENTATIVE
89.1,81,7175.61,3421.82,957.941,67.2231,32.0566,8.97425,TENTATIVE
89.1,82,-6662.73,12996,1332.96,-69.9828,136.506,14.0009,TENTATIVE
89.2,1,7234.41,8801.78,3005.14,64.5441,77.3298,0.273252,CONFIRMED
89.2,10,3015.56,10938.4,3005.76,1.28936,103.305,1.58168,CONFIRMED
89.2,36,8923.16,553.168,3003.65,98.0997,-2.32105,0.147402,CONFIRMED
89.2,37,8940.75,673.943,3002.22,101.527,2.69235,-0.491115,CONFIRMED
89.2,80,995.154,1254.99,176.542,-14.5559,-18.3564,-2.58224,TENTATIVE
89.2,81,7182.33,3425.03,958.839,67.2231,32.0566,8.97425,TENTATIVE
89.2,82,-6669.73,13009.7,1334.36,-69.9828,136.506,14.0009,TENTATIVE
89.4,1,7247.54,8817.68,3003.39,64.6128,77.4578,-0.277239,CONFIRMED
89.4,10,3014.56,10959.1,3007.15,0.920754,103.314,1.91812,CONFIRMED
89.4,36,8942.79,553.884,3003.46,98.0996,-1.89218,0.0689122,CONFIRMED
89.4,37,8961.25,673.95,3001.68,101.59,2.50556,-0.640693,CONFIRMED
89.4,80,992.243,1251.32,176.026,-14.5559,-18.3564,-2.58224,TENTATIVE
89.4,81,7195.78,3431.44,960.633,67.2231,32.0566,8.97425,TENTATIVE
89.4,82,-6683.72,13037,1337.16,-69.9828,136.506,14.0009,TENTATIVE
89.6,1,7261.02,8833.06,3002.3,64.7822,77.4224,-0.587008,CONFIRMED
89.6,10,3014.87,10979.7,3007.55,0.958094,103.303,1.92288,CONFIRMED
89.6,36,8962.9,553.153,3002.07,98.2698,-2.01778,-0.415537,CONFIRMED
89.6,37,8981.61,674.26,3001.45,101.608,2.42291,-0.675592,CONFIRMED
89.6,80,989.332,1247.64,175.509,-14.5559,-18.3564,-2.58224,TENTATIVE
89.6,81,7209.22,3437.85,962.428,67.2231,32.0566,8.97425,TENTATIVE
89.6,82,-6697.72,13064.3,1339.96,-69.9828,136.506,14.0009,TENTATIVE
89.7,1,7266.81,8841.58,3001.63,64.5669,77.6624,-0.774623,CONFIRMED
89.7,10,3014.96,10990,3007.74,0.958094,103.303,1.92288,CONFIRMED
89.7,36,8972.72,552.778,3002.07,98.2691,-2.08493,-0.40103,CONFIRMED
89.7,37,8991.68,674.175,3001.74,101.576,2.30487,-0.550754,CONFIRMED
89.7,80,987.876,1245.81,175.251,-14.5559,-18.3564,-2.58224,TENTATIVE
89.7,81,7215.95,3441.06,963.326,67.2231,32.0566,8.97425,TENTATIVE
89.7,82,-6704.72,13078,1341.36,-69.9828,136.506,14.0009,TENTATIVE
89.9,1,7279.16,8857.51,3001.66,64.3931,77.7858,-0.716536,CONFIRMED
89.9,10,3014.85,11011.1,3006.81,0.869418,103.436,1.5191,CONFIRMED
89.9,36,8992.52,552.058,3001.63,98.3188,-2.19483,-0.529065,CONFIRMED
89.9,37,9011.27,677.726,3003.11,101.315,3.42758,-0.0172002,CONFIRMED
89.9,80,984.965,1242.14,174.735,-14.5559,-18.3564,-2.58224,TENTATIVE
89.9,81,7229.39,3447.47,965.121,67.2231,32.0566,8.97425,TENTATIVE
89.9,82,-6718.71,13105.3,1344.16,-69.9828,136.506,14.0009,TENTATIVE
